Species ,1966 ,1967 ,1968 ,1969 ,1970 ,1971 ,1972 ,1973 ,1974 ,1975 ,1976 ,1977 ,1978 ,1979 ,1980 ,1981 ,1982 ,1983 ,1984 ,1985 ,1986 ,1987 ,1988 ,1989 ,1990 ,1991 ,1992 ,1993 ,1994 ,1995 ,1996 ,1997 ,1998 ,1999 ,2000 ,2001 ,2002 ,2003 ,2004 ,2005 ,2006 ,2007 ,2008 ,2009 ,2010 ,2011 ,2012 ,2013 ,2014 ,2015
(Myrtle Warbler) Yellow-rumped Warbler ,0 ,0 ,0 ,0 ,0 ,0 ,0 ,0 ,0 ,0 ,0 ,0 ,0 ,0 ,0 ,0 ,0 ,0 ,0 ,0 ,0 ,0 ,0 ,0 ,0 ,0 ,0 ,0 ,0 ,0 ,0 ,1 ,0 ,0 ,0 ,0 ,0 ,0 ,0 ,0 ,0 ,0 ,0 ,0 ,1 ,2 ,2 ,3 ,2 ,1
(Myrtle Warbler)Yellow-rumped Warbler ,0 ,0 ,0 ,0 ,0 ,0 ,0 ,0 ,0 ,0 ,0 ,0 ,0 ,0 ,0 ,0 ,0 ,0 ,0 ,0 ,0 ,0 ,0 ,0 ,0 ,0 ,0 ,0 ,0 ,0 ,0 ,0 ,0 ,0 ,1 ,0 ,0 ,0 ,0 ,1 ,0 ,0 ,0 ,0 ,0 ,0 ,0 ,0 ,0 ,0
(Slate-colored Junco)Dark-eyed Junco ,0 ,1 ,0 ,0 ,0 ,0 ,0 ,0 ,1 ,1 ,1 ,1 ,0 ,1 ,1 ,4 ,2 ,2 ,2 ,2 ,0 ,2 ,8 ,2 ,3 ,2 ,29 ,38 ,43 ,67 ,46 ,93 ,97 ,78 ,57 ,46 ,86 ,25 ,62 ,60 ,41 ,61 ,59 ,57 ,56 ,42 ,30 ,56 ,48 ,49
(Yellow-shafted Flicker)Northern Flicker ,143 ,170 ,151 ,150 ,169 ,167 ,65 ,123 ,124 ,114 ,121 ,168 ,150 ,125 ,110 ,137 ,154 ,157 ,135 ,149 ,116 ,144 ,162 ,116 ,111 ,145 ,180 ,137 ,166 ,204 ,160 ,132 ,151 ,157 ,155 ,136 ,171 ,110 ,119 ,141 ,98 ,105 ,103 ,95 ,85 ,103 ,99 ,84 ,96 ,90
Acadian Flycatcher ,55 ,98 ,87 ,110 ,115 ,129 ,86 ,125 ,152 ,125 ,107 ,206 ,191 ,209 ,175 ,194 ,196 ,168 ,158 ,175 ,171 ,159 ,212 ,169 ,199 ,200 ,412 ,400 ,425 ,397 ,481 ,432 ,372 ,389 ,340 ,365 ,350 ,272 ,308 ,387 ,307 ,364 ,299 ,328 ,281 ,315 ,344 ,323 ,379 ,378
Alder Flycatcher ,0 ,0 ,0 ,0 ,0 ,0 ,0 ,0 ,0 ,0 ,0 ,0 ,0 ,0 ,0 ,0 ,0 ,0 ,0 ,0 ,1 ,0 ,1 ,0 ,0 ,0 ,0 ,0 ,0 ,0 ,0 ,0 ,0 ,0 ,0 ,0 ,0 ,0 ,0 ,0 ,0 ,0 ,0 ,0 ,0 ,0 ,0 ,0 ,0 ,0
Alder Flycatcher ,0 ,0 ,0 ,0 ,0 ,0 ,0 ,0 ,0 ,0 ,0 ,0 ,0 ,0 ,0 ,0 ,0 ,0 ,0 ,0 ,0 ,0 ,0 ,0 ,0 ,0 ,0 ,0 ,0 ,0 ,0 ,0 ,0 ,0 ,0 ,0 ,0 ,0 ,0 ,0 ,0 ,1 ,0 ,0 ,0 ,0 ,0 ,0 ,0 ,0
American Bittern ,1 ,0 ,0 ,0 ,0 ,0 ,0 ,0 ,0 ,0 ,0 ,0 ,0 ,0 ,0 ,0 ,0 ,0 ,0 ,0 ,0 ,0 ,0 ,0 ,0 ,0 ,1 ,0 ,0 ,1 ,0 ,0 ,0 ,0 ,0 ,0 ,1 ,0 ,0 ,2 ,0 ,1 ,0 ,1 ,1 ,0 ,0 ,0 ,0 ,0
American Black Duck ,0 ,0 ,0 ,0 ,0 ,0 ,0 ,0 ,0 ,1 ,1 ,0 ,0 ,0 ,0 ,0 ,0 ,0 ,0 ,0 ,0 ,0 ,0 ,0 ,0 ,0 ,10 ,0 ,2 ,0 ,3 ,0 ,1 ,3 ,0 ,2 ,0 ,0 ,0 ,0 ,0 ,2 ,0 ,2 ,0 ,0 ,0 ,3 ,0 ,2
American Crow ,625 ,864 ,973 ,927 ,1031 ,1062 ,849 ,1039 ,1153 ,1296 ,1330 ,1611 ,1848 ,1934 ,1872 ,2032 ,2315 ,2312 ,2060 ,2131 ,2030 ,2101 ,2533 ,2144 ,2521 ,2547 ,2854 ,3012 ,2992 ,3089 ,3273 ,3387 ,3270 ,3498 ,3265 ,3284 ,2992 ,2381 ,2238 ,2359 ,2038 ,2446 ,2103 ,2608 ,2180 ,2709 ,2591 ,2324 ,2182 ,2343
American Goldfinch ,215 ,121 ,308 ,222 ,186 ,179 ,104 ,126 ,157 ,270 ,322 ,383 ,260 ,245 ,227 ,272 ,420 ,317 ,296 ,387 ,353 ,359 ,412 ,305 ,359 ,306 ,470 ,486 ,482 ,513 ,566 ,509 ,482 ,696 ,613 ,635 ,724 ,535 ,525 ,531 ,560 ,737 ,469 ,590 ,478 ,503 ,598 ,532 ,498 ,614
American Kestrel ,3 ,5 ,2 ,3 ,4 ,5 ,3 ,2 ,9 ,11 ,11 ,22 ,18 ,11 ,6 ,21 ,12 ,15 ,8 ,12 ,5 ,5 ,16 ,9 ,11 ,11 ,14 ,10 ,8 ,13 ,15 ,13 ,17 ,7 ,11 ,18 ,11 ,9 ,6 ,6 ,17 ,16 ,12 ,4 ,12 ,6 ,3 ,6 ,11 ,1
American Oystercatcher ,0 ,0 ,0 ,0 ,0 ,0 ,0 ,0 ,0 ,0 ,0 ,0 ,0 ,0 ,0 ,0 ,0 ,0 ,0 ,0 ,0 ,0 ,0 ,0 ,0 ,0 ,0 ,4 ,0 ,0 ,0 ,3 ,0 ,0 ,0 ,0 ,0 ,0 ,0 ,0 ,0 ,0 ,0 ,0 ,0 ,0 ,0 ,0 ,0 ,0
American Redstart ,14 ,18 ,10 ,32 ,27 ,46 ,19 ,26 ,24 ,11 ,3 ,12 ,16 ,11 ,9 ,12 ,16 ,10 ,15 ,9 ,10 ,13 ,17 ,19 ,15 ,14 ,30 ,147 ,187 ,192 ,246 ,183 ,154 ,193 ,195 ,62 ,143 ,32 ,84 ,116 ,131 ,136 ,119 ,151 ,145 ,179 ,180 ,174 ,173 ,186
American Robin ,419 ,480 ,641 ,533 ,569 ,574 ,365 ,458 ,514 ,654 ,712 ,729 ,825 ,820 ,664 ,854 ,1137 ,862 ,844 ,848 ,923 ,978 ,1142 ,1092 ,1210 ,1091 ,1271 ,1108 ,1373 ,1318 ,1235 ,1281 ,1277 ,1191 ,1204 ,1296 ,1222 ,1080 ,1100 ,1147 ,1118 ,1086 ,962 ,1108 ,896 ,966 ,997 ,899 ,923 ,845
American Woodcock ,5 ,0 ,0 ,0 ,1 ,0 ,0 ,1 ,0 ,1 ,0 ,0 ,1 ,0 ,0 ,1 ,0 ,0 ,2 ,1 ,0 ,3 ,0 ,1 ,2 ,0 ,0 ,2 ,2 ,3 ,0 ,1 ,2 ,0 ,1 ,1 ,0 ,1 ,0 ,0 ,0 ,0 ,0 ,1 ,0 ,2 ,0 ,0 ,0 ,0
Anhinga ,0 ,0 ,0 ,0 ,0 ,0 ,0 ,0 ,0 ,0 ,0 ,0 ,0 ,0 ,0 ,0 ,0 ,0 ,0 ,0 ,0 ,0 ,0 ,0 ,0 ,0 ,0 ,0 ,0 ,0 ,0 ,0 ,0 ,0 ,0 ,0 ,0 ,0 ,0 ,0 ,1 ,1 ,0 ,0 ,0 ,0 ,0 ,0 ,0 ,0
Bachman's Sparrow ,0 ,0 ,1 ,0 ,0 ,0 ,0 ,0 ,0 ,0 ,0 ,0 ,0 ,0 ,0 ,0 ,0 ,0 ,0 ,0 ,0 ,0 ,0 ,2 ,0 ,0 ,0 ,0 ,0 ,0 ,0 ,0 ,0 ,1 ,0 ,0 ,0 ,0 ,0 ,0 ,0 ,0 ,0 ,0 ,0 ,0 ,0 ,0 ,0 ,0
Bald Eagle ,0 ,0 ,0 ,1 ,0 ,0 ,0 ,0 ,0 ,0 ,0 ,0 ,0 ,0 ,0 ,0 ,0 ,0 ,0 ,0 ,0 ,2 ,1 ,0 ,1 ,1 ,1 ,2 ,2 ,2 ,10 ,3 ,15 ,2 ,3 ,0 ,1 ,4 ,1 ,4 ,8 ,5 ,3 ,3 ,5 ,10 ,5 ,10 ,11 ,19
Baltimore Oriole ,13 ,14 ,16 ,15 ,30 ,42 ,22 ,31 ,28 ,40 ,34 ,36 ,49 ,28 ,38 ,38 ,58 ,49 ,42 ,20 ,33 ,43 ,44 ,46 ,25 ,23 ,28 ,27 ,37 ,42 ,46 ,62 ,39 ,35 ,36 ,42 ,32 ,47 ,40 ,62 ,50 ,62 ,35 ,49 ,22 ,31 ,32 ,36 ,24 ,27
Bank Swallow ,0 ,0 ,14 ,0 ,0 ,1 ,15 ,2 ,0 ,0 ,0 ,0 ,0 ,3 ,1 ,1 ,3 ,1 ,2 ,6 ,0 ,0 ,0 ,0 ,0 ,12 ,0 ,4 ,0 ,2 ,1 ,1 ,0 ,0 ,28 ,0 ,0 ,1 ,1 ,0 ,2 ,0 ,0 ,21 ,0 ,0 ,0 ,0 ,0 ,1
Bank Swallow ,0 ,0 ,0 ,0 ,0 ,0 ,0 ,0 ,0 ,0 ,0 ,0 ,0 ,0 ,0 ,0 ,0 ,0 ,0 ,0 ,0 ,0 ,0 ,0 ,0 ,0 ,0 ,0 ,0 ,0 ,0 ,0 ,0 ,0 ,0 ,0 ,0 ,0 ,1 ,0 ,0 ,0 ,0 ,0 ,0 ,0 ,0 ,0 ,0 ,0
Barn Swallow ,310 ,295 ,385 ,376 ,536 ,388 ,281 ,406 ,455 ,663 ,666 ,847 ,813 ,886 ,766 ,936 ,1078 ,805 ,661 ,827 ,701 ,694 ,825 ,484 ,793 ,569 ,573 ,791 ,581 ,724 ,690 ,707 ,806 ,798 ,915 ,945 ,716 ,732 ,850 ,684 ,612 ,918 ,673 ,829 ,674 ,746 ,770 ,587 ,569 ,564
Barred Owl ,1 ,0 ,1 ,1 ,0 ,2 ,2 ,3 ,6 ,4 ,0 ,2 ,2 ,7 ,8 ,6 ,1 ,3 ,5 ,4 ,1 ,2 ,4 ,5 ,7 ,9 ,20 ,16 ,14 ,12 ,22 ,19 ,13 ,15 ,6 ,9 ,26 ,7 ,8 ,20 ,15 ,10 ,12 ,17 ,8 ,11 ,6 ,14 ,9 ,7
Belted Kingfisher ,6 ,11 ,16 ,13 ,17 ,14 ,15 ,31 ,42 ,28 ,25 ,31 ,16 ,23 ,26 ,21 ,14 ,30 ,15 ,12 ,22 ,26 ,28 ,19 ,20 ,18 ,27 ,27 ,20 ,27 ,13 ,20 ,25 ,20 ,16 ,14 ,14 ,10 ,14 ,14 ,17 ,24 ,5 ,12 ,15 ,11 ,13 ,17 ,4 ,15
Bewick's Wren ,5 ,5 ,1 ,1 ,1 ,1 ,2 ,2 ,0 ,0 ,0 ,1 ,0 ,1 ,0 ,0 ,0 ,0 ,0 ,0 ,0 ,0 ,0 ,0 ,1 ,1 ,0 ,0 ,0 ,0 ,0 ,0 ,0 ,0 ,0 ,0 ,0 ,0 ,0 ,0 ,0 ,0 ,0 ,0 ,0 ,0 ,0 ,0 ,0 ,0
Black Skimmer ,1 ,2 ,0 ,0 ,0 ,0 ,0 ,0 ,1 ,0 ,0 ,0 ,0 ,0 ,0 ,0 ,1 ,1 ,0 ,0 ,1 ,0 ,0 ,0 ,0 ,1 ,4 ,0 ,0 ,2 ,1 ,0 ,0 ,0 ,4 ,0 ,3 ,2 ,0 ,1 ,0 ,0 ,0 ,0 ,0 ,0 ,0 ,0 ,0 ,1
Black Vulture ,13 ,1 ,7 ,16 ,10 ,1 ,5 ,18 ,12 ,26 ,11 ,16 ,20 ,12 ,48 ,20 ,23 ,27 ,12 ,11 ,13 ,36 ,9 ,6 ,23 ,96 ,47 ,19 ,20 ,46 ,46 ,41 ,84 ,43 ,70 ,49 ,51 ,83 ,75 ,116 ,99 ,78 ,21 ,113 ,194 ,119 ,67 ,102 ,111 ,101
Black-and-white Warbler ,22 ,31 ,6 ,34 ,22 ,43 ,10 ,28 ,30 ,15 ,20 ,19 ,19 ,17 ,16 ,36 ,26 ,21 ,26 ,21 ,26 ,20 ,19 ,23 ,25 ,19 ,39 ,52 ,88 ,93 ,98 ,101 ,86 ,85 ,55 ,55 ,58 ,35 ,50 ,69 ,67 ,63 ,51 ,61 ,76 ,58 ,85 ,98 ,111 ,112
Black-bellied Plover ,0 ,0 ,0 ,0 ,0 ,0 ,0 ,0 ,0 ,0 ,0 ,0 ,0 ,0 ,0 ,0 ,0 ,0 ,0 ,0 ,0 ,0 ,0 ,0 ,0 ,0 ,0 ,0 ,0 ,0 ,0 ,0 ,0 ,0 ,0 ,62 ,7 ,0 ,0 ,0 ,0 ,0 ,0 ,0 ,0 ,0 ,0 ,0 ,0 ,0
Black-billed Cuckoo ,0 ,0 ,0 ,0 ,0 ,0 ,0 ,0 ,0 ,0 ,0 ,0 ,0 ,0 ,0 ,0 ,0 ,0 ,0 ,0 ,0 ,0 ,0 ,0 ,0 ,0 ,0 ,0 ,0 ,0 ,0 ,0 ,0 ,0 ,0 ,0 ,0 ,0 ,0 ,0 ,0 ,0 ,0 ,0 ,1 ,0 ,0 ,0 ,0 ,0
Black-billed Cuckoo ,7 ,15 ,5 ,23 ,24 ,15 ,9 ,5 ,5 ,9 ,2 ,5 ,16 ,8 ,8 ,7 ,1 ,7 ,3 ,4 ,2 ,3 ,5 ,0 ,6 ,15 ,14 ,14 ,20 ,15 ,10 ,10 ,1 ,5 ,12 ,4 ,6 ,5 ,6 ,14 ,2 ,9 ,8 ,3 ,2 ,8 ,2 ,8 ,3 ,1
Black-capped Chickadee ,14 ,6 ,3 ,0 ,1 ,2 ,0 ,0 ,2 ,2 ,5 ,3 ,8 ,6 ,0 ,4 ,5 ,5 ,8 ,0 ,3 ,8 ,5 ,13 ,2 ,1 ,6 ,15 ,9 ,4 ,8 ,8 ,22 ,13 ,10 ,8 ,15 ,5 ,18 ,12 ,2 ,7 ,17 ,9 ,14 ,19 ,19 ,29 ,23 ,15
Black-crowned Night-Heron ,0 ,0 ,0 ,0 ,0 ,0 ,0 ,0 ,0 ,0 ,0 ,0 ,0 ,0 ,0 ,0 ,0 ,0 ,0 ,0 ,2 ,1 ,4 ,0 ,3 ,0 ,0 ,3 ,0 ,4 ,1 ,0 ,2 ,2 ,2 ,1 ,0 ,7 ,1 ,1 ,3 ,0 ,7 ,1 ,1 ,0 ,0 ,1 ,3 ,0
Black-throated Blue Warbler ,2 ,5 ,3 ,2 ,0 ,3 ,2 ,2 ,0 ,2 ,4 ,1 ,0 ,0 ,2 ,1 ,6 ,2 ,1 ,0 ,2 ,3 ,0 ,0 ,0 ,0 ,31 ,13 ,16 ,12 ,4 ,34 ,32 ,26 ,17 ,32 ,23 ,17 ,23 ,20 ,13 ,21 ,19 ,14 ,40 ,17 ,13 ,40 ,33 ,38
Black-throated Blue Warbler ,0 ,0 ,0 ,0 ,0 ,0 ,0 ,0 ,0 ,0 ,0 ,0 ,0 ,0 ,0 ,0 ,0 ,0 ,0 ,0 ,0 ,0 ,0 ,0 ,0 ,0 ,0 ,0 ,0 ,0 ,0 ,0 ,0 ,0 ,0 ,0 ,0 ,0 ,0 ,0 ,0 ,0 ,1 ,0 ,0 ,0 ,0 ,0 ,1 ,0
Black-throated Green Warbler ,1 ,1 ,3 ,1 ,1 ,2 ,6 ,1 ,3 ,2 ,2 ,9 ,5 ,3 ,3 ,5 ,1 ,2 ,1 ,5 ,9 ,10 ,6 ,2 ,1 ,3 ,27 ,11 ,24 ,29 ,26 ,68 ,49 ,65 ,44 ,49 ,52 ,30 ,39 ,39 ,36 ,49 ,43 ,35 ,23 ,31 ,43 ,37 ,44 ,40
Blackburnian Warbler ,0 ,1 ,1 ,6 ,13 ,8 ,1 ,3 ,1 ,1 ,3 ,1 ,4 ,1 ,0 ,0 ,10 ,9 ,4 ,8 ,5 ,2 ,5 ,3 ,8 ,6 ,7 ,5 ,3 ,4 ,2 ,5 ,1 ,1 ,1 ,11 ,7 ,1 ,4 ,10 ,1 ,7 ,8 ,5 ,8 ,7 ,8 ,24 ,11 ,13
Blackpoll Warbler ,0 ,0 ,0 ,0 ,0 ,0 ,0 ,0 ,0 ,0 ,0 ,0 ,0 ,0 ,0 ,0 ,0 ,0 ,0 ,0 ,0 ,0 ,0 ,0 ,0 ,0 ,0 ,0 ,0 ,0 ,1 ,0 ,0 ,0 ,1 ,0 ,0 ,1 ,0 ,3 ,0 ,1 ,0 ,1 ,2 ,0 ,0 ,0 ,0 ,0
Blue Grosbeak ,22 ,60 ,65 ,75 ,74 ,83 ,49 ,104 ,119 ,133 ,148 ,208 ,212 ,274 ,190 ,244 ,228 ,252 ,175 ,217 ,221 ,234 ,255 ,204 ,304 ,294 ,297 ,254 ,297 ,291 ,322 ,241 ,286 ,321 ,275 ,279 ,232 ,200 ,264 ,275 ,219 ,222 ,230 ,303 ,239 ,287 ,303 ,326 ,263 ,270
Blue Jay ,199 ,368 ,311 ,314 ,355 ,358 ,213 ,426 ,365 ,422 ,449 ,550 ,564 ,427 ,408 ,509 ,471 ,411 ,483 ,334 ,344 ,457 ,495 ,405 ,501 ,416 ,482 ,434 ,479 ,472 ,496 ,509 ,519 ,514 ,486 ,520 ,555 ,401 ,504 ,537 ,392 ,551 ,467 ,485 ,460 ,451 ,432 ,444 ,459 ,438
Blue-gray Gnatcatcher ,61 ,76 ,49 ,68 ,44 ,55 ,42 ,54 ,47 ,84 ,61 ,109 ,135 ,105 ,113 ,161 ,162 ,158 ,126 ,143 ,149 ,156 ,184 ,148 ,236 ,271 ,364 ,401 ,498 ,468 ,445 ,429 ,288 ,377 ,374 ,406 ,353 ,331 ,394 ,345 ,283 ,341 ,264 ,423 ,275 ,314 ,326 ,343 ,441 ,512
Blue-headed Vireo ,0 ,1 ,4 ,4 ,2 ,2 ,4 ,2 ,1 ,6 ,9 ,9 ,1 ,3 ,5 ,5 ,3 ,8 ,6 ,4 ,8 ,6 ,8 ,10 ,14 ,7 ,25 ,75 ,43 ,46 ,45 ,41 ,48 ,56 ,59 ,19 ,39 ,14 ,52 ,71 ,63 ,54 ,53 ,58 ,60 ,33 ,58 ,68 ,77 ,81
Blue-winged Teal ,0 ,0 ,0 ,0 ,0 ,0 ,0 ,0 ,0 ,0 ,0 ,0 ,0 ,0 ,0 ,0 ,0 ,0 ,0 ,0 ,0 ,0 ,0 ,0 ,0 ,0 ,0 ,0 ,0 ,0 ,3 ,0 ,0 ,0 ,0 ,0 ,0 ,0 ,0 ,0 ,0 ,0 ,0 ,0 ,0 ,0 ,0 ,0 ,0 ,0
Blue-winged Warbler ,0 ,0 ,0 ,0 ,0 ,0 ,0 ,0 ,0 ,0 ,1 ,0 ,0 ,0 ,0 ,1 ,1 ,1 ,5 ,0 ,1 ,2 ,8 ,4 ,2 ,1 ,1 ,1 ,4 ,4 ,3 ,5 ,2 ,1 ,9 ,1 ,0 ,0 ,1 ,2 ,0 ,2 ,1 ,0 ,2 ,0 ,2 ,1 ,1 ,0
Blue-winged Warbler ,0 ,0 ,0 ,0 ,0 ,0 ,0 ,0 ,0 ,0 ,0 ,0 ,0 ,0 ,0 ,0 ,0 ,0 ,0 ,0 ,0 ,0 ,0 ,0 ,0 ,0 ,0 ,0 ,0 ,0 ,0 ,0 ,0 ,0 ,0 ,0 ,0 ,0 ,0 ,0 ,0 ,0 ,0 ,0 ,0 ,0 ,0 ,1 ,0 ,0
Boat-tailed Grackle ,0 ,0 ,3 ,2 ,0 ,0 ,0 ,0 ,0 ,0 ,0 ,0 ,0 ,0 ,2 ,0 ,4 ,2 ,0 ,0 ,0 ,3 ,4 ,0 ,0 ,4 ,72 ,709 ,10 ,692 ,47 ,71 ,259 ,464 ,69 ,11 ,6 ,1 ,2 ,1 ,5 ,7 ,4 ,7 ,30 ,7 ,67 ,9 ,0 ,0
Bobolink ,0 ,0 ,0 ,0 ,0 ,0 ,0 ,0 ,0 ,0 ,0 ,0 ,0 ,0 ,0 ,0 ,0 ,0 ,0 ,0 ,0 ,0 ,0 ,0 ,3 ,2 ,2 ,1 ,0 ,1 ,1 ,4 ,6 ,4 ,3 ,6 ,8 ,2 ,14 ,12 ,8 ,15 ,6 ,5 ,4 ,6 ,16 ,9 ,6 ,4
Bobolink ,0 ,0 ,0 ,0 ,0 ,0 ,0 ,0 ,0 ,0 ,0 ,0 ,0 ,0 ,0 ,0 ,0 ,0 ,0 ,0 ,0 ,0 ,0 ,0 ,0 ,0 ,0 ,0 ,0 ,0 ,10 ,0 ,0 ,1 ,0 ,11 ,0 ,1 ,0 ,0 ,0 ,0 ,0 ,1 ,0 ,0 ,0 ,0 ,0 ,2
Broad-winged Hawk ,2 ,5 ,3 ,2 ,2 ,1 ,4 ,2 ,3 ,9 ,6 ,15 ,4 ,5 ,0 ,7 ,5 ,8 ,5 ,5 ,8 ,8 ,5 ,5 ,3 ,1 ,5 ,10 ,6 ,12 ,15 ,8 ,9 ,10 ,6 ,12 ,11 ,17 ,10 ,16 ,12 ,11 ,7 ,9 ,5 ,16 ,12 ,13 ,6 ,8
Brown Creeper ,0 ,0 ,0 ,0 ,0 ,0 ,0 ,0 ,0 ,0 ,0 ,0 ,0 ,0 ,0 ,0 ,0 ,0 ,0 ,1 ,0 ,0 ,0 ,0 ,0 ,0 ,0 ,1 ,3 ,1 ,0 ,0 ,0 ,0 ,2 ,0 ,0 ,0 ,2 ,0 ,0 ,1 ,1 ,0 ,0 ,2 ,0 ,0 ,7 ,2
Brown Pelican ,0 ,0 ,0 ,0 ,0 ,0 ,0 ,0 ,0 ,0 ,0 ,0 ,0 ,0 ,0 ,0 ,0 ,0 ,0 ,0 ,0 ,0 ,0 ,0 ,0 ,0 ,0 ,0 ,0 ,47 ,4 ,24 ,0 ,0 ,2 ,0 ,9 ,1 ,3 ,0 ,0 ,0 ,0 ,0 ,0 ,0 ,0 ,0 ,0 ,0
Brown Thrasher ,132 ,100 ,148 ,141 ,133 ,144 ,66 ,134 ,143 ,134 ,174 ,183 ,200 ,175 ,155 ,168 ,149 ,153 ,151 ,135 ,122 ,148 ,163 ,125 ,137 ,155 ,147 ,208 ,177 ,176 ,198 ,153 ,202 ,171 ,181 ,191 ,153 ,119 ,171 ,194 ,187 ,208 ,164 ,160 ,212 ,201 ,175 ,174 ,198 ,171
Brown-headed Cowbird ,106 ,144 ,178 ,168 ,152 ,137 ,82 ,134 ,216 ,168 ,180 ,259 ,232 ,193 ,161 ,250 ,203 ,233 ,209 ,194 ,198 ,233 ,292 ,178 ,227 ,236 ,315 ,348 ,372 ,365 ,362 ,348 ,272 ,318 ,221 ,303 ,230 ,231 ,210 ,296 ,255 ,377 ,248 ,273 ,207 ,317 ,262 ,234 ,246 ,299
Brown-headed Nuthatch ,2 ,5 ,2 ,1 ,1 ,0 ,0 ,3 ,0 ,7 ,5 ,0 ,7 ,0 ,5 ,5 ,3 ,7 ,1 ,6 ,1 ,9 ,3 ,1 ,2 ,0 ,1 ,1 ,5 ,4 ,6 ,39 ,2 ,15 ,3 ,7 ,14 ,11 ,3 ,14 ,10 ,3 ,3 ,4 ,4 ,3 ,13 ,5 ,14 ,6
Budgerigar ,0 ,0 ,0 ,0 ,0 ,0 ,0 ,0 ,0 ,0 ,0 ,0 ,0 ,0 ,0 ,0 ,0 ,0 ,0 ,0 ,0 ,0 ,0 ,0 ,0 ,0 ,0 ,0 ,0 ,0 ,0 ,0 ,0 ,0 ,0 ,0 ,0 ,0 ,1 ,0 ,0 ,0 ,0 ,0 ,0 ,0 ,0 ,0 ,0 ,0
Bufflehead ,0 ,0 ,0 ,0 ,0 ,0 ,0 ,0 ,0 ,0 ,0 ,0 ,0 ,0 ,0 ,0 ,0 ,0 ,0 ,0 ,0 ,0 ,0 ,0 ,0 ,0 ,0 ,0 ,0 ,0 ,0 ,0 ,0 ,0 ,0 ,0 ,0 ,0 ,0 ,0 ,0 ,0 ,0 ,0 ,0 ,0 ,0 ,1 ,0 ,0
Canada Goose ,0 ,0 ,0 ,0 ,0 ,0 ,0 ,0 ,0 ,1 ,0 ,0 ,0 ,0 ,0 ,1 ,8 ,6 ,6 ,10 ,2 ,4 ,0 ,19 ,13 ,51 ,101 ,120 ,52 ,335 ,391 ,276 ,320 ,214 ,270 ,394 ,287 ,282 ,265 ,244 ,211 ,243 ,182 ,235 ,160 ,74 ,305 ,282 ,250 ,218
Canada Warbler ,0 ,1 ,0 ,0 ,0 ,0 ,0 ,0 ,0 ,0 ,1 ,1 ,0 ,0 ,0 ,0 ,0 ,0 ,0 ,0 ,0 ,0 ,0 ,0 ,0 ,0 ,10 ,6 ,7 ,12 ,0 ,12 ,6 ,6 ,7 ,6 ,9 ,2 ,4 ,3 ,7 ,6 ,14 ,9 ,8 ,10 ,8 ,13 ,17 ,15
Carolina Chickadee ,128 ,165 ,244 ,154 ,166 ,203 ,92 ,209 ,162 ,190 ,240 ,267 ,318 ,279 ,198 ,415 ,368 ,372 ,241 ,254 ,264 ,364 ,375 ,332 ,410 ,368 ,474 ,380 ,508 ,547 ,495 ,541 ,557 ,597 ,496 ,571 ,467 ,361 ,393 ,505 ,474 ,391 ,360 ,352 ,451 ,443 ,476 ,391 ,422 ,433
Carolina Wren ,49 ,66 ,73 ,143 ,181 ,159 ,146 ,385 ,510 ,465 ,580 ,225 ,239 ,269 ,258 ,403 ,466 ,518 ,419 ,463 ,565 ,534 ,554 ,540 ,774 ,841 ,1082 ,1017 ,728 ,966 ,540 ,677 ,821 ,976 ,731 ,997 ,883 ,597 ,912 ,1165 ,1017 ,1055 ,925 ,1145 ,780 ,707 ,974 ,1044 ,1006 ,752
Caspian Tern ,0 ,0 ,0 ,0 ,0 ,0 ,0 ,0 ,0 ,0 ,0 ,0 ,0 ,0 ,0 ,0 ,0 ,0 ,0 ,0 ,0 ,0 ,0 ,0 ,0 ,0 ,0 ,0 ,0 ,0 ,0 ,0 ,0 ,1 ,0 ,0 ,0 ,0 ,0 ,0 ,1 ,0 ,0 ,0 ,0 ,0 ,0 ,0 ,0 ,0
Cattle Egret ,1 ,16 ,0 ,1 ,0 ,0 ,6 ,14 ,11 ,0 ,14 ,5 ,5 ,10 ,11 ,0 ,0 ,4 ,6 ,0 ,2 ,3 ,25 ,4 ,0 ,0 ,15 ,10 ,1 ,16 ,40 ,97 ,12 ,8 ,24 ,0 ,0 ,2 ,0 ,3 ,4 ,0 ,2 ,3 ,3 ,4 ,8 ,2 ,1 ,2
Cedar Waxwing ,3 ,19 ,16 ,2 ,8 ,10 ,2 ,12 ,1 ,17 ,11 ,11 ,25 ,9 ,9 ,27 ,18 ,32 ,69 ,26 ,38 ,28 ,72 ,21 ,70 ,56 ,92 ,147 ,170 ,149 ,183 ,217 ,74 ,114 ,154 ,105 ,177 ,218 ,177 ,326 ,248 ,199 ,169 ,211 ,171 ,142 ,149 ,257 ,236 ,182
Cedar Waxwing ,0 ,0 ,0 ,0 ,0 ,0 ,0 ,0 ,0 ,0 ,0 ,0 ,0 ,0 ,0 ,0 ,0 ,0 ,0 ,0 ,0 ,0 ,0 ,0 ,0 ,0 ,0 ,0 ,0 ,0 ,0 ,0 ,0 ,0 ,0 ,0 ,1 ,0 ,0 ,0 ,0 ,26 ,0 ,2 ,0 ,0 ,0 ,0 ,0 ,0
Cerulean Warbler ,7 ,2 ,2 ,5 ,1 ,0 ,1 ,2 ,3 ,0 ,0 ,5 ,6 ,5 ,2 ,4 ,3 ,6 ,5 ,1 ,2 ,4 ,0 ,5 ,1 ,2 ,8 ,21 ,45 ,39 ,50 ,40 ,36 ,36 ,24 ,5 ,24 ,3 ,18 ,24 ,13 ,16 ,17 ,24 ,33 ,33 ,21 ,33 ,27 ,22
Chestnut-sided Warbler ,0 ,0 ,0 ,0 ,0 ,0 ,0 ,0 ,0 ,0 ,0 ,0 ,0 ,0 ,0 ,0 ,0 ,0 ,0 ,0 ,0 ,0 ,0 ,0 ,0 ,0 ,0 ,0 ,0 ,0 ,0 ,0 ,0 ,0 ,0 ,0 ,0 ,0 ,0 ,0 ,0 ,0 ,1 ,0 ,0 ,0 ,0 ,0 ,0 ,0
Chestnut-sided Warbler ,0 ,1 ,1 ,2 ,2 ,8 ,3 ,2 ,2 ,2 ,2 ,2 ,2 ,4 ,1 ,1 ,2 ,4 ,7 ,4 ,3 ,4 ,3 ,3 ,3 ,9 ,27 ,52 ,39 ,35 ,35 ,71 ,47 ,45 ,33 ,34 ,39 ,19 ,49 ,30 ,21 ,49 ,24 ,27 ,33 ,26 ,36 ,59 ,41 ,25
Chimney Swift ,132 ,278 ,281 ,215 ,205 ,269 ,121 ,233 ,221 ,257 ,348 ,424 ,380 ,393 ,292 ,409 ,456 ,439 ,279 ,426 ,438 ,405 ,408 ,392 ,421 ,486 ,477 ,438 ,488 ,539 ,525 ,439 ,334 ,471 ,426 ,439 ,470 ,331 ,411 ,521 ,209 ,256 ,218 ,347 ,286 ,308 ,212 ,270 ,245 ,291
Chipping Sparrow ,299 ,364 ,418 ,364 ,282 ,351 ,250 ,265 ,267 ,273 ,310 ,441 ,504 ,444 ,334 ,539 ,461 ,485 ,478 ,487 ,556 ,618 ,728 ,651 ,772 ,659 ,823 ,876 ,861 ,933 ,861 ,772 ,790 ,942 ,881 ,917 ,908 ,624 ,802 ,937 ,823 ,895 ,835 ,911 ,881 ,1052 ,1076 ,982 ,972 ,930
Chuck-will's-widow ,16 ,12 ,1 ,7 ,8 ,4 ,1 ,6 ,7 ,3 ,1 ,4 ,5 ,12 ,17 ,10 ,10 ,15 ,11 ,20 ,24 ,16 ,11 ,10 ,13 ,5 ,27 ,28 ,22 ,19 ,14 ,15 ,22 ,8 ,11 ,10 ,4 ,3 ,9 ,6 ,3 ,5 ,7 ,6 ,4 ,8 ,12 ,13 ,9 ,7
Clapper Rail ,0 ,0 ,1 ,2 ,0 ,0 ,0 ,2 ,2 ,0 ,0 ,0 ,1 ,0 ,0 ,0 ,0 ,2 ,0 ,3 ,3 ,0 ,0 ,0 ,0 ,0 ,1 ,7 ,0 ,0 ,9 ,1 ,1 ,1 ,1 ,1 ,1 ,0 ,1 ,0 ,1 ,3 ,1 ,0 ,0 ,1 ,2 ,1 ,1 ,0
Cliff Swallow ,8 ,2 ,0 ,6 ,10 ,8 ,2 ,1 ,0 ,1 ,6 ,27 ,8 ,4 ,1 ,4 ,35 ,23 ,38 ,42 ,29 ,20 ,57 ,18 ,21 ,36 ,10 ,19 ,41 ,41 ,14 ,12 ,44 ,50 ,53 ,55 ,50 ,42 ,62 ,106 ,57 ,110 ,66 ,182 ,90 ,51 ,196 ,75 ,93 ,122
Cliff Swallow ,0 ,0 ,0 ,0 ,0 ,0 ,0 ,0 ,0 ,0 ,0 ,0 ,0 ,0 ,0 ,0 ,0 ,0 ,0 ,0 ,0 ,0 ,0 ,0 ,0 ,0 ,0 ,0 ,0 ,0 ,0 ,0 ,0 ,0 ,0 ,0 ,0 ,0 ,0 ,0 ,0 ,0 ,0 ,0 ,0 ,1 ,0 ,0 ,0 ,0
Common Grackle ,4717 ,3164 ,3445 ,2116 ,4867 ,2683 ,1587 ,2065 ,1876 ,2681 ,2614 ,3053 ,4077 ,3193 ,2780 ,3610 ,5010 ,4193 ,3955 ,4655 ,3010 ,3706 ,3532 ,2719 ,3029 ,2930 ,3337 ,3175 ,3439 ,3027 ,4173 ,2732 ,2455 ,2179 ,2966 ,2522 ,2854 ,2453 ,3181 ,2783 ,2596 ,2380 ,2260 ,2257 ,1663 ,1552 ,1452 ,1700 ,1567 ,1391
Common Loon ,0 ,0 ,0 ,0 ,0 ,0 ,0 ,0 ,0 ,0 ,0 ,0 ,0 ,0 ,0 ,0 ,0 ,0 ,0 ,0 ,0 ,0 ,0 ,0 ,0 ,0 ,0 ,0 ,0 ,0 ,0 ,0 ,0 ,0 ,0 ,1 ,0 ,0 ,0 ,0 ,0 ,0 ,0 ,1 ,0 ,0 ,0 ,0 ,0 ,0
Common Nighthawk ,4 ,7 ,0 ,0 ,1 ,0 ,0 ,2 ,1 ,1 ,0 ,13 ,1 ,2 ,0 ,1 ,1 ,0 ,0 ,0 ,0 ,0 ,1 ,0 ,0 ,4 ,0 ,0 ,0 ,0 ,0 ,0 ,1 ,0 ,0 ,0 ,0 ,1 ,0 ,0 ,0 ,0 ,0 ,0 ,0 ,0 ,0 ,0 ,0 ,0
Common Raven ,11 ,5 ,0 ,10 ,4 ,10 ,0 ,7 ,5 ,4 ,3 ,3 ,5 ,7 ,11 ,13 ,17 ,8 ,16 ,7 ,8 ,16 ,12 ,4 ,9 ,5 ,21 ,47 ,51 ,25 ,29 ,23 ,35 ,46 ,30 ,15 ,43 ,9 ,64 ,53 ,37 ,52 ,56 ,50 ,77 ,47 ,51 ,36 ,70 ,49
Common Tern ,3 ,0 ,0 ,1 ,0 ,0 ,0 ,0 ,0 ,0 ,0 ,0 ,0 ,0 ,0 ,0 ,1 ,0 ,0 ,0 ,0 ,0 ,0 ,1 ,3 ,0 ,10 ,0 ,0 ,0 ,9 ,0 ,0 ,0 ,1 ,0 ,0 ,0 ,0 ,6 ,0 ,0 ,0 ,0 ,0 ,0 ,0 ,0 ,0 ,0
Common Yellowthroat ,118 ,162 ,158 ,216 ,205 ,196 ,141 ,173 ,220 ,228 ,227 ,256 ,269 ,237 ,175 ,236 ,195 ,217 ,167 ,206 ,172 ,202 ,256 ,193 ,226 ,229 ,386 ,398 ,373 ,383 ,436 ,450 ,433 ,389 ,339 ,407 ,398 ,301 ,310 ,398 ,264 ,351 ,332 ,336 ,337 ,293 ,217 ,255 ,336 ,315
Cooper's Hawk ,0 ,0 ,1 ,0 ,1 ,0 ,0 ,1 ,1 ,0 ,1 ,1 ,1 ,0 ,1 ,0 ,2 ,1 ,0 ,0 ,2 ,1 ,0 ,0 ,2 ,1 ,0 ,1 ,2 ,6 ,1 ,4 ,2 ,2 ,2 ,4 ,5 ,4 ,2 ,11 ,12 ,8 ,7 ,3 ,3 ,7 ,4 ,6 ,3 ,6
Cooper's Hawk ,0 ,0 ,0 ,0 ,0 ,0 ,0 ,0 ,0 ,0 ,0 ,0 ,0 ,0 ,0 ,0 ,0 ,0 ,0 ,0 ,0 ,0 ,0 ,0 ,0 ,0 ,0 ,0 ,0 ,0 ,0 ,0 ,0 ,0 ,0 ,0 ,0 ,1 ,0 ,0 ,0 ,0 ,0 ,0 ,0 ,0 ,0 ,0 ,0 ,0
Dickcissel ,0 ,2 ,0 ,0 ,0 ,0 ,0 ,0 ,0 ,0 ,0 ,0 ,0 ,0 ,0 ,1 ,0 ,1 ,0 ,0 ,0 ,0 ,7 ,0 ,0 ,0 ,0 ,1 ,0 ,0 ,2 ,0 ,0 ,0 ,10 ,0 ,0 ,0 ,2 ,2 ,1 ,1 ,0 ,1 ,1 ,8 ,3 ,4 ,0 ,2
Double-crested Cormorant ,0 ,0 ,0 ,0 ,0 ,0 ,0 ,0 ,0 ,0 ,0 ,1 ,0 ,0 ,0 ,0 ,2 ,0 ,0 ,45 ,0 ,0 ,1 ,1 ,0 ,2 ,14 ,0 ,12 ,9 ,3 ,6 ,14 ,18 ,10 ,2 ,2 ,2 ,1 ,29 ,3 ,1 ,1 ,5 ,0 ,0 ,0 ,62 ,18 ,58
Downy Woodpecker ,56 ,85 ,73 ,55 ,54 ,53 ,45 ,70 ,53 ,59 ,86 ,139 ,96 ,138 ,92 ,178 ,175 ,121 ,86 ,102 ,92 ,119 ,141 ,109 ,137 ,132 ,170 ,205 ,216 ,224 ,179 ,198 ,165 ,183 ,156 ,216 ,224 ,112 ,171 ,220 ,179 ,180 ,126 ,145 ,168 ,189 ,235 ,143 ,162 ,172
Eastern Bluebird ,28 ,50 ,32 ,58 ,65 ,60 ,48 ,73 ,73 ,124 ,165 ,178 ,163 ,178 ,191 ,263 ,281 ,312 ,204 ,314 ,301 ,302 ,352 ,361 ,368 ,371 ,350 ,423 ,437 ,583 ,471 ,437 ,503 ,585 ,596 ,622 ,663 ,336 ,330 ,394 ,471 ,507 ,459 ,613 ,451 ,512 ,568 ,498 ,450 ,283
Eastern Kingbird ,86 ,109 ,89 ,94 ,92 ,102 ,57 ,97 ,104 ,111 ,128 ,165 ,166 ,156 ,113 ,140 ,141 ,110 ,106 ,97 ,107 ,108 ,123 ,130 ,138 ,128 ,120 ,101 ,129 ,127 ,101 ,103 ,116 ,88 ,106 ,118 ,102 ,119 ,113 ,126 ,80 ,93 ,78 ,84 ,56 ,71 ,111 ,82 ,73 ,67
Eastern Meadowlark ,306 ,413 ,612 ,591 ,619 ,688 ,505 ,686 ,685 ,843 ,780 ,782 ,806 ,671 ,563 ,730 ,738 ,666 ,530 ,606 ,529 ,495 ,689 ,592 ,625 ,530 ,546 ,570 ,597 ,712 ,512 ,603 ,467 ,548 ,450 ,570 ,563 ,453 ,452 ,625 ,520 ,607 ,476 ,562 ,449 ,532 ,554 ,528 ,367 ,385
Eastern Phoebe ,31 ,80 ,80 ,96 ,99 ,96 ,63 ,94 ,126 ,174 ,163 ,115 ,174 ,141 ,121 ,201 ,181 ,206 ,193 ,182 ,203 ,189 ,207 ,206 ,259 ,253 ,324 ,276 ,239 ,308 ,156 ,193 ,276 ,278 ,251 ,266 ,279 ,144 ,214 ,229 ,284 ,262 ,251 ,321 ,242 ,155 ,213 ,238 ,167 ,139
Eastern Screech-Owl ,1 ,2 ,0 ,1 ,1 ,0 ,0 ,1 ,0 ,1 ,1 ,2 ,1 ,1 ,2 ,1 ,5 ,1 ,2 ,1 ,1 ,0 ,1 ,5 ,1 ,3 ,2 ,2 ,2 ,2 ,3 ,6 ,0 ,5 ,2 ,3 ,0 ,3 ,0 ,1 ,0 ,3 ,0 ,2 ,0 ,0 ,0 ,4 ,1 ,2
Eastern Towhee ,390 ,426 ,476 ,544 ,559 ,600 ,267 ,449 ,427 ,432 ,430 ,492 ,516 ,334 ,269 ,412 ,472 ,389 ,363 ,302 ,332 ,360 ,403 ,373 ,384 ,371 ,515 ,692 ,749 ,801 ,799 ,780 ,672 ,806 ,650 ,556 ,735 ,489 ,722 ,726 ,565 ,647 ,535 ,668 ,564 ,571 ,493 ,516 ,542 ,472
Eastern Whip-poor-will ,7 ,34 ,14 ,36 ,12 ,15 ,18 ,32 ,26 ,41 ,32 ,31 ,57 ,34 ,45 ,46 ,37 ,38 ,39 ,30 ,32 ,38 ,33 ,28 ,31 ,18 ,52 ,23 ,37 ,23 ,30 ,37 ,27 ,38 ,28 ,32 ,30 ,17 ,22 ,19 ,14 ,27 ,25 ,14 ,15 ,21 ,19 ,13 ,28 ,13
Eastern Wood-Pewee ,169 ,215 ,202 ,220 ,200 ,203 ,147 ,186 ,178 ,225 ,241 ,381 ,383 ,317 ,335 ,407 ,346 ,363 ,287 ,339 ,339 ,345 ,394 ,273 ,347 ,327 ,456 ,556 ,627 ,570 ,569 ,589 ,478 ,452 ,393 ,380 ,445 ,315 ,329 ,503 ,412 ,415 ,359 ,451 ,397 ,432 ,399 ,387 ,451 ,508
Eurasian Collared-Dove ,0 ,0 ,0 ,0 ,0 ,0 ,0 ,0 ,0 ,0 ,0 ,0 ,0 ,0 ,0 ,0 ,0 ,0 ,0 ,0 ,0 ,0 ,0 ,0 ,0 ,0 ,0 ,0 ,0 ,0 ,0 ,0 ,0 ,0 ,0 ,0 ,3 ,0 ,2 ,6 ,1 ,0 ,0 ,0 ,0 ,1 ,1 ,0 ,4 ,2
European Starling ,3057 ,1799 ,1717 ,1448 ,1703 ,1599 ,858 ,1387 ,1239 ,1829 ,1510 ,2405 ,1958 ,1922 ,1240 ,2121 ,2479 ,1678 ,2142 ,2359 ,1738 ,1743 ,2758 ,2099 ,2069 ,1750 ,2129 ,2451 ,2121 ,2380 ,1927 ,2204 ,2663 ,2585 ,2806 ,2066 ,2089 ,1957 ,1735 ,1919 ,2344 ,2414 ,1522 ,1697 ,1523 ,1900 ,1871 ,1868 ,1438 ,1329
Field Sparrow ,277 ,313 ,399 ,396 ,382 ,464 ,226 ,436 ,392 ,528 ,532 ,525 ,419 ,295 ,318 ,548 ,435 ,468 ,396 ,436 ,395 ,364 ,485 ,388 ,359 ,377 ,430 ,396 ,371 ,419 ,345 ,342 ,320 ,322 ,332 ,314 ,343 ,254 ,259 ,337 ,292 ,339 ,255 ,286 ,216 ,237 ,242 ,269 ,284 ,265
Fish Crow ,9 ,29 ,9 ,8 ,11 ,14 ,7 ,27 ,19 ,8 ,28 ,32 ,47 ,38 ,20 ,38 ,78 ,86 ,43 ,49 ,44 ,66 ,57 ,42 ,27 ,34 ,74 ,81 ,49 ,224 ,205 ,186 ,169 ,73 ,79 ,63 ,59 ,66 ,65 ,50 ,71 ,54 ,51 ,69 ,58 ,50 ,99 ,60 ,76 ,74
Forster's Tern ,1 ,1 ,0 ,0 ,2 ,0 ,0 ,1 ,0 ,0 ,0 ,0 ,8 ,2 ,0 ,0 ,2 ,3 ,0 ,0 ,0 ,0 ,0 ,0 ,0 ,0 ,0 ,0 ,1 ,1 ,8 ,0 ,0 ,8 ,3 ,9 ,0 ,0 ,7 ,1 ,1 ,5 ,0 ,3 ,0 ,2 ,0 ,1 ,0 ,0
Gadwall ,0 ,0 ,0 ,0 ,0 ,0 ,0 ,0 ,0 ,0 ,0 ,0 ,0 ,0 ,0 ,0 ,0 ,0 ,0 ,0 ,0 ,0 ,0 ,0 ,0 ,0 ,0 ,0 ,0 ,0 ,0 ,0 ,0 ,0 ,0 ,0 ,0 ,0 ,2 ,0 ,0 ,0 ,0 ,0 ,0 ,0 ,0 ,0 ,0 ,0
Glossy Ibis ,0 ,0 ,0 ,1 ,0 ,0 ,0 ,0 ,3 ,0 ,0 ,0 ,0 ,1 ,0 ,0 ,0 ,0 ,0 ,0 ,0 ,0 ,0 ,0 ,0 ,0 ,6 ,0 ,0 ,8 ,21 ,4 ,9 ,6 ,1 ,23 ,35 ,130 ,0 ,327 ,73 ,6 ,39 ,15 ,0 ,1 ,51 ,49 ,14 ,32
Golden-winged Warbler ,0 ,0 ,0 ,2 ,1 ,6 ,0 ,3 ,2 ,0 ,0 ,2 ,0 ,1 ,3 ,3 ,3 ,2 ,1 ,1 ,1 ,1 ,1 ,0 ,1 ,1 ,1 ,0 ,1 ,0 ,1 ,3 ,1 ,0 ,0 ,0 ,0 ,0 ,1 ,0 ,0 ,1 ,0 ,0 ,1 ,0 ,0 ,0 ,0 ,0
Grasshopper Sparrow ,77 ,95 ,99 ,83 ,66 ,101 ,60 ,66 ,67 ,110 ,97 ,132 ,94 ,118 ,83 ,137 ,132 ,141 ,115 ,138 ,125 ,141 ,180 ,139 ,153 ,147 ,181 ,167 ,170 ,192 ,186 ,123 ,116 ,138 ,154 ,139 ,132 ,134 ,132 ,135 ,111 ,109 ,106 ,153 ,93 ,105 ,108 ,92 ,91 ,94
Gray Catbird ,76 ,133 ,140 ,204 ,192 ,155 ,99 ,200 ,202 ,192 ,227 ,225 ,262 ,225 ,174 ,225 ,233 ,217 ,203 ,186 ,167 ,178 ,201 ,151 ,170 ,169 ,204 ,244 ,234 ,243 ,267 ,263 ,325 ,253 ,239 ,292 ,377 ,237 ,222 ,282 ,225 ,282 ,274 ,253 ,279 ,253 ,230 ,175 ,258 ,233
Gray Kingbird ,0 ,0 ,0 ,0 ,0 ,0 ,0 ,0 ,0 ,0 ,0 ,0 ,0 ,0 ,0 ,0 ,0 ,0 ,0 ,0 ,0 ,0 ,0 ,0 ,0 ,0 ,0 ,0 ,0 ,0 ,0 ,0 ,0 ,0 ,0 ,0 ,1 ,0 ,0 ,0 ,0 ,0 ,0 ,0 ,0 ,0 ,0 ,0 ,0 ,0
Great Black-backed Gull ,0 ,0 ,0 ,0 ,0 ,0 ,0 ,0 ,0 ,0 ,0 ,0 ,0 ,0 ,0 ,0 ,0 ,0 ,1 ,0 ,0 ,0 ,0 ,0 ,0 ,0 ,0 ,0 ,0 ,2 ,7 ,0 ,3 ,20 ,2 ,5 ,1 ,16 ,0 ,7 ,11 ,3 ,0 ,4 ,0 ,17 ,5 ,20 ,1 ,6
Great Blue Heron ,4 ,2 ,5 ,4 ,4 ,3 ,2 ,2 ,6 ,4 ,5 ,15 ,5 ,4 ,20 ,18 ,13 ,14 ,11 ,19 ,23 ,31 ,31 ,26 ,31 ,27 ,59 ,47 ,46 ,45 ,50 ,90 ,58 ,42 ,34 ,36 ,27 ,35 ,50 ,86 ,38 ,47 ,32 ,44 ,36 ,40 ,31 ,46 ,46 ,20
Great Crested Flycatcher ,70 ,82 ,95 ,83 ,76 ,108 ,64 ,85 ,78 ,98 ,92 ,135 ,159 ,159 ,153 ,176 ,158 ,159 ,148 ,141 ,140 ,149 ,151 ,145 ,166 ,125 ,242 ,266 ,305 ,256 ,270 ,315 ,228 ,250 ,225 ,227 ,238 ,135 ,195 ,251 ,199 ,246 ,197 ,235 ,178 ,200 ,207 ,221 ,179 ,244
Great Egret ,1 ,0 ,0 ,2 ,0 ,0 ,2 ,5 ,6 ,2 ,2 ,2 ,2 ,0 ,3 ,0 ,3 ,2 ,1 ,0 ,0 ,3 ,1 ,1 ,13 ,3 ,24 ,17 ,8 ,13 ,33 ,13 ,12 ,50 ,16 ,25 ,11 ,37 ,8 ,13 ,17 ,14 ,7 ,26 ,15 ,8 ,15 ,4 ,2 ,5
Great Horned Owl ,0 ,0 ,1 ,2 ,2 ,2 ,1 ,1 ,2 ,0 ,1 ,0 ,0 ,4 ,12 ,2 ,5 ,5 ,1 ,10 ,6 ,3 ,1 ,4 ,3 ,6 ,7 ,4 ,3 ,7 ,15 ,6 ,4 ,8 ,3 ,5 ,9 ,9 ,5 ,10 ,10 ,12 ,7 ,6 ,1 ,1 ,5 ,3 ,0 ,2
Green Heron ,9 ,13 ,7 ,17 ,21 ,26 ,15 ,28 ,25 ,28 ,33 ,33 ,40 ,46 ,35 ,53 ,30 ,33 ,21 ,25 ,26 ,29 ,24 ,31 ,30 ,39 ,33 ,48 ,40 ,38 ,28 ,31 ,27 ,34 ,42 ,26 ,21 ,21 ,24 ,25 ,25 ,27 ,23 ,30 ,21 ,18 ,29 ,10 ,22 ,12
Gull-billed Tern ,0 ,0 ,0 ,0 ,0 ,0 ,0 ,0 ,0 ,0 ,0 ,0 ,0 ,0 ,0 ,0 ,0 ,0 ,0 ,0 ,0 ,0 ,0 ,0 ,0 ,0 ,0 ,0 ,0 ,0 ,2 ,0 ,0 ,8 ,0 ,0 ,0 ,0 ,0 ,1 ,1 ,0 ,0 ,0 ,0 ,0 ,0 ,0 ,0 ,0
Hairy Woodpecker ,5 ,7 ,7 ,11 ,10 ,4 ,4 ,7 ,10 ,16 ,8 ,13 ,8 ,15 ,14 ,14 ,13 ,19 ,13 ,17 ,16 ,13 ,21 ,10 ,16 ,12 ,30 ,46 ,55 ,43 ,53 ,35 ,30 ,43 ,37 ,38 ,37 ,13 ,27 ,29 ,23 ,31 ,32 ,34 ,32 ,23 ,31 ,38 ,37 ,39
Henslow's Sparrow ,0 ,0 ,0 ,0 ,0 ,0 ,0 ,0 ,0 ,0 ,0 ,0 ,1 ,0 ,0 ,0 ,0 ,1 ,0 ,0 ,0 ,0 ,0 ,0 ,0 ,0 ,4 ,10 ,0 ,0 ,0 ,0 ,0 ,0 ,0 ,0 ,0 ,0 ,0 ,0 ,0 ,0 ,0 ,0 ,0 ,0 ,0 ,0 ,0 ,0
Hermit Thrush ,0 ,0 ,0 ,1 ,0 ,0 ,0 ,0 ,0 ,0 ,0 ,0 ,0 ,0 ,0 ,0 ,2 ,0 ,0 ,0 ,0 ,0 ,0 ,0 ,0 ,0 ,0 ,0 ,10 ,1 ,0 ,0 ,0 ,0 ,0 ,0 ,0 ,0 ,0 ,0 ,0 ,0 ,0 ,0 ,0 ,0 ,0 ,0 ,0 ,0
Herring Gull ,14 ,3 ,1 ,1 ,30 ,50 ,0 ,0 ,0 ,3 ,0 ,0 ,5 ,2 ,0 ,4 ,9 ,5 ,3 ,4 ,4 ,48 ,10 ,15 ,19 ,7 ,111 ,48 ,2 ,300 ,91 ,222 ,178 ,401 ,46 ,81 ,75 ,28 ,45 ,53 ,22 ,29 ,7 ,65 ,15 ,63 ,19 ,60 ,14 ,16
Hooded Merganser ,0 ,0 ,0 ,0 ,0 ,0 ,0 ,0 ,0 ,0 ,0 ,0 ,0 ,0 ,0 ,0 ,0 ,0 ,0 ,0 ,0 ,0 ,0 ,0 ,0 ,0 ,0 ,0 ,0 ,0 ,0 ,0 ,0 ,0 ,0 ,0 ,0 ,0 ,0 ,0 ,0 ,1 ,0 ,0 ,0 ,0 ,0 ,0 ,0 ,0
Hooded Warbler ,31 ,30 ,21 ,46 ,54 ,38 ,26 ,52 ,43 ,25 ,40 ,64 ,49 ,46 ,44 ,78 ,63 ,55 ,75 ,63 ,73 ,58 ,82 ,73 ,106 ,84 ,154 ,140 ,197 ,168 ,270 ,235 ,231 ,186 ,190 ,220 ,256 ,183 ,206 ,241 ,217 ,240 ,200 ,201 ,238 ,251 ,245 ,217 ,255 ,265
Horned Lark ,6 ,17 ,17 ,15 ,23 ,8 ,15 ,19 ,18 ,9 ,10 ,7 ,10 ,14 ,7 ,5 ,10 ,5 ,8 ,4 ,2 ,2 ,4 ,9 ,4 ,11 ,20 ,14 ,5 ,34 ,16 ,23 ,24 ,11 ,28 ,14 ,23 ,17 ,29 ,17 ,29 ,11 ,12 ,31 ,8 ,30 ,21 ,15 ,22 ,17
House Finch ,0 ,0 ,0 ,0 ,0 ,0 ,0 ,0 ,0 ,0 ,0 ,0 ,0 ,0 ,12 ,3 ,1 ,9 ,13 ,16 ,41 ,64 ,84 ,98 ,122 ,157 ,186 ,252 ,221 ,360 ,218 ,190 ,120 ,267 ,255 ,294 ,256 ,183 ,224 ,206 ,183 ,276 ,180 ,149 ,152 ,144 ,165 ,91 ,114 ,121
House Sparrow ,788 ,1149 ,1104 ,1308 ,1179 ,1073 ,862 ,756 ,905 ,867 ,1108 ,1395 ,1217 ,1421 ,1266 ,1647 ,1717 ,1083 ,673 ,979 ,772 ,720 ,813 ,678 ,620 ,491 ,476 ,418 ,400 ,404 ,345 ,313 ,290 ,284 ,334 ,323 ,339 ,281 ,282 ,316 ,239 ,236 ,171 ,200 ,167 ,153 ,139 ,156 ,155 ,130
House Wren ,48 ,62 ,70 ,48 ,32 ,51 ,35 ,26 ,44 ,78 ,94 ,87 ,86 ,67 ,47 ,56 ,81 ,63 ,64 ,61 ,59 ,86 ,77 ,67 ,80 ,86 ,105 ,115 ,108 ,148 ,113 ,115 ,85 ,104 ,120 ,105 ,128 ,89 ,96 ,104 ,82 ,123 ,110 ,79 ,55 ,51 ,62 ,73 ,82 ,73
Indian Peafowl ,0 ,0 ,0 ,0 ,0 ,0 ,0 ,0 ,0 ,0 ,0 ,0 ,0 ,0 ,0 ,0 ,0 ,0 ,0 ,0 ,0 ,0 ,0 ,0 ,0 ,0 ,0 ,0 ,0 ,0 ,0 ,0 ,0 ,0 ,0 ,0 ,0 ,0 ,0 ,0 ,0 ,0 ,0 ,1 ,0 ,0 ,0 ,0 ,0 ,0
Indigo Bunting ,387 ,594 ,645 ,759 ,800 ,846 ,571 ,901 ,1039 ,1098 ,1282 ,1443 ,1619 ,1395 ,1176 ,1781 ,1638 ,1411 ,1458 ,1486 ,1400 ,1411 ,1817 ,1523 ,1646 ,1545 ,1830 ,2111 ,2186 ,2183 ,2207 ,2082 ,1807 ,1981 ,1960 ,1848 ,1671 ,1379 ,1817 ,1773 ,1517 ,1563 ,1407 ,1673 ,1399 ,1545 ,1480 ,1464 ,1458 ,1401
Kentucky Warbler ,22 ,16 ,16 ,44 ,37 ,38 ,23 ,66 ,45 ,23 ,17 ,28 ,59 ,35 ,31 ,60 ,67 ,63 ,40 ,51 ,52 ,45 ,56 ,48 ,49 ,59 ,62 ,53 ,69 ,54 ,71 ,49 ,65 ,48 ,44 ,29 ,36 ,24 ,32 ,21 ,21 ,14 ,20 ,21 ,19 ,26 ,18 ,25 ,12 ,21
Killdeer ,16 ,23 ,21 ,14 ,28 ,24 ,46 ,57 ,68 ,75 ,72 ,68 ,39 ,60 ,43 ,37 ,59 ,43 ,52 ,43 ,46 ,68 ,83 ,90 ,63 ,68 ,67 ,80 ,68 ,90 ,93 ,99 ,103 ,101 ,99 ,121 ,92 ,78 ,69 ,84 ,106 ,87 ,93 ,127 ,121 ,117 ,95 ,87 ,63 ,67
King Rail ,0 ,0 ,0 ,0 ,0 ,0 ,0 ,0 ,0 ,0 ,2 ,0 ,0 ,0 ,0 ,0 ,0 ,0 ,0 ,0 ,0 ,0 ,0 ,0 ,1 ,0 ,1 ,0 ,2 ,0 ,0 ,0 ,0 ,0 ,0 ,0 ,0 ,0 ,0 ,0 ,0 ,0 ,0 ,0 ,0 ,2 ,0 ,0 ,0 ,0
Laughing Gull ,374 ,844 ,429 ,108 ,4 ,223 ,27 ,343 ,265 ,1 ,73 ,18 ,216 ,824 ,20 ,421 ,648 ,1311 ,318 ,1185 ,570 ,776 ,3568 ,926 ,834 ,897 ,1413 ,1510 ,191 ,1267 ,1070 ,1569 ,812 ,1642 ,1147 ,931 ,982 ,819 ,454 ,1109 ,1238 ,712 ,271 ,935 ,785 ,734 ,2047 ,1214 ,1396 ,2099
Least Bittern ,0 ,0 ,0 ,0 ,0 ,0 ,0 ,0 ,0 ,0 ,0 ,0 ,0 ,0 ,0 ,0 ,0 ,0 ,0 ,0 ,0 ,0 ,0 ,0 ,0 ,0 ,0 ,0 ,0 ,0 ,1 ,0 ,0 ,0 ,0 ,1 ,0 ,0 ,0 ,0 ,0 ,0 ,0 ,0 ,0 ,1 ,0 ,0 ,0 ,0
Least Flycatcher ,5 ,0 ,0 ,8 ,16 ,29 ,9 ,9 ,4 ,2 ,0 ,0 ,1 ,0 ,1 ,1 ,2 ,5 ,2 ,5 ,2 ,0 ,2 ,0 ,0 ,0 ,7 ,5 ,12 ,8 ,1 ,22 ,11 ,9 ,6 ,3 ,2 ,2 ,5 ,8 ,2 ,14 ,10 ,3 ,4 ,5 ,2 ,15 ,7 ,4
Least Flycatcher ,0 ,0 ,0 ,0 ,0 ,0 ,0 ,0 ,0 ,0 ,0 ,0 ,0 ,0 ,0 ,0 ,0 ,0 ,0 ,0 ,0 ,0 ,0 ,0 ,0 ,0 ,0 ,0 ,0 ,0 ,0 ,0 ,0 ,0 ,0 ,0 ,0 ,0 ,0 ,0 ,0 ,0 ,0 ,0 ,0 ,1 ,0 ,0 ,0 ,0
Least Sandpiper ,0 ,0 ,0 ,0 ,0 ,0 ,0 ,0 ,0 ,0 ,0 ,0 ,0 ,0 ,0 ,0 ,0 ,0 ,0 ,0 ,0 ,0 ,0 ,0 ,0 ,0 ,0 ,0 ,0 ,0 ,0 ,0 ,0 ,0 ,0 ,0 ,0 ,0 ,0 ,0 ,0 ,6 ,0 ,0 ,0 ,0 ,0 ,0 ,0 ,0
Least Tern ,0 ,0 ,0 ,5 ,0 ,0 ,0 ,0 ,0 ,0 ,0 ,0 ,0 ,0 ,0 ,0 ,0 ,0 ,0 ,0 ,0 ,0 ,0 ,0 ,0 ,0 ,0 ,0 ,0 ,0 ,2 ,0 ,0 ,0 ,0 ,0 ,0 ,0 ,0 ,0 ,0 ,0 ,0 ,0 ,0 ,0 ,0 ,0 ,0 ,0
Little Blue Heron ,1 ,1 ,1 ,1 ,0 ,0 ,0 ,0 ,1 ,0 ,0 ,0 ,0 ,0 ,0 ,1 ,0 ,0 ,0 ,0 ,2 ,0 ,0 ,0 ,0 ,0 ,1 ,0 ,0 ,3 ,0 ,3 ,0 ,0 ,3 ,0 ,0 ,1 ,0 ,0 ,0 ,0 ,0 ,1 ,0 ,0 ,1 ,1 ,1 ,0
Loggerhead Shrike ,17 ,22 ,12 ,15 ,21 ,10 ,21 ,18 ,18 ,18 ,7 ,15 ,1 ,4 ,11 ,5 ,5 ,1 ,3 ,2 ,1 ,3 ,4 ,2 ,1 ,0 ,0 ,3 ,1 ,3 ,4 ,3 ,3 ,0 ,0 ,0 ,0 ,1 ,0 ,1 ,1 ,0 ,0 ,3 ,0 ,1 ,1 ,0 ,0 ,0
Louisiana Waterthrush ,4 ,16 ,5 ,23 ,15 ,19 ,14 ,23 ,17 ,8 ,17 ,26 ,16 ,23 ,19 ,35 ,24 ,29 ,19 ,18 ,18 ,17 ,30 ,29 ,14 ,20 ,51 ,44 ,51 ,44 ,46 ,46 ,55 ,44 ,42 ,52 ,55 ,37 ,40 ,59 ,33 ,46 ,42 ,52 ,42 ,33 ,25 ,34 ,33 ,44
Magnolia Warbler ,0 ,0 ,0 ,0 ,0 ,0 ,0 ,0 ,0 ,0 ,1 ,0 ,0 ,0 ,0 ,0 ,0 ,0 ,0 ,0 ,0 ,0 ,0 ,0 ,0 ,0 ,1 ,0 ,0 ,0 ,0 ,1 ,1 ,1 ,0 ,0 ,1 ,0 ,0 ,1 ,0 ,0 ,0 ,0 ,0 ,0 ,0 ,0 ,0 ,0
Mallard ,0 ,6 ,2 ,3 ,6 ,2 ,4 ,0 ,9 ,2 ,6 ,1 ,9 ,24 ,12 ,7 ,18 ,5 ,11 ,11 ,19 ,17 ,10 ,12 ,27 ,15 ,39 ,69 ,80 ,57 ,45 ,34 ,48 ,25 ,31 ,68 ,71 ,21 ,39 ,42 ,29 ,22 ,15 ,26 ,16 ,22 ,19 ,31 ,17 ,33
Marsh Wren ,0 ,0 ,0 ,0 ,0 ,0 ,0 ,0 ,0 ,0 ,0 ,1 ,0 ,3 ,0 ,0 ,0 ,0 ,0 ,0 ,0 ,0 ,0 ,0 ,0 ,0 ,12 ,28 ,0 ,0 ,3 ,0 ,1 ,1 ,0 ,0 ,0 ,1 ,0 ,0 ,0 ,2 ,0 ,0 ,0 ,0 ,0 ,6 ,3 ,5
Mississippi Kite ,0 ,0 ,0 ,0 ,0 ,0 ,0 ,0 ,0 ,0 ,0 ,0 ,0 ,0 ,0 ,0 ,0 ,0 ,0 ,0 ,0 ,0 ,0 ,0 ,0 ,0 ,0 ,0 ,0 ,0 ,0 ,0 ,0 ,0 ,0 ,0 ,0 ,0 ,0 ,0 ,1 ,0 ,0 ,0 ,0 ,0 ,0 ,0 ,0 ,0
Mississippi Kite ,0 ,0 ,0 ,0 ,0 ,0 ,0 ,0 ,0 ,0 ,0 ,0 ,0 ,2 ,0 ,0 ,0 ,0 ,0 ,0 ,0 ,0 ,1 ,0 ,0 ,1 ,5 ,2 ,1 ,0 ,1 ,3 ,0 ,0 ,0 ,0 ,5 ,3 ,1 ,0 ,1 ,1 ,1 ,0 ,0 ,3 ,1 ,1 ,0 ,3
Mourning Dove ,436 ,558 ,707 ,657 ,645 ,815 ,483 ,703 ,748 ,781 ,1052 ,1087 ,1270 ,1238 ,1119 ,1184 ,1230 ,1202 ,880 ,1090 ,1173 ,1080 ,1281 ,898 ,1039 ,1070 ,1249 ,1248 ,1265 ,1273 ,1306 ,1115 ,1051 ,1280 ,1421 ,1369 ,1353 ,1113 ,1109 ,1260 ,1205 ,1272 ,1052 ,1398 ,1161 ,1187 ,1152 ,1173 ,1124 ,1050
Mute Swan ,0 ,0 ,0 ,0 ,0 ,0 ,0 ,0 ,0 ,0 ,0 ,0 ,0 ,0 ,0 ,0 ,0 ,0 ,0 ,0 ,0 ,0 ,0 ,0 ,0 ,0 ,0 ,0 ,0 ,0 ,0 ,1 ,2 ,0 ,0 ,2 ,0 ,0 ,0 ,0 ,0 ,0 ,0 ,0 ,0 ,0 ,0 ,0 ,0 ,0
Nashville Warbler ,0 ,0 ,0 ,0 ,0 ,0 ,1 ,0 ,0 ,0 ,0 ,0 ,0 ,0 ,0 ,0 ,0 ,0 ,0 ,0 ,0 ,0 ,0 ,0 ,0 ,0 ,0 ,0 ,0 ,0 ,0 ,0 ,0 ,0 ,0 ,0 ,0 ,0 ,0 ,0 ,0 ,0 ,0 ,0 ,0 ,0 ,0 ,0 ,0 ,0
Northern Bobwhite ,731 ,872 ,1118 ,1020 ,919 ,1006 ,653 ,825 ,984 ,947 ,974 ,1068 ,882 ,938 ,885 ,961 ,986 ,1066 ,744 ,848 ,796 ,719 ,802 ,583 ,736 ,610 ,744 ,636 ,551 ,745 ,486 ,450 ,384 ,471 ,402 ,404 ,354 ,275 ,304 ,303 ,258 ,276 ,213 ,278 ,171 ,139 ,187 ,167 ,116 ,124
Northern Cardinal ,498 ,846 ,800 ,893 ,710 ,947 ,589 ,799 ,912 ,786 ,892 ,1090 ,1036 ,887 ,644 ,936 ,1074 ,922 ,834 ,812 ,832 ,876 ,1031 ,908 ,977 ,856 ,1102 ,1020 ,1150 ,1193 ,1306 ,1242 ,1117 ,1253 ,1339 ,1433 ,1398 ,1131 ,1187 ,1347 ,1223 ,1370 ,1279 ,1310 ,1150 ,1282 ,1325 ,1267 ,1147 ,1261
Northern Harrier ,0 ,0 ,0 ,0 ,0 ,1 ,0 ,0 ,0 ,0 ,1 ,0 ,0 ,0 ,0 ,0 ,0 ,0 ,1 ,0 ,0 ,0 ,0 ,0 ,1 ,0 ,0 ,0 ,0 ,0 ,5 ,3 ,0 ,0 ,0 ,0 ,0 ,0 ,0 ,0 ,1 ,1 ,0 ,0 ,0 ,0 ,2 ,0 ,0 ,0
Northern Harrier ,0 ,0 ,0 ,0 ,0 ,0 ,0 ,0 ,0 ,0 ,0 ,0 ,0 ,0 ,0 ,0 ,0 ,0 ,0 ,0 ,0 ,0 ,0 ,0 ,0 ,0 ,0 ,0 ,0 ,0 ,0 ,0 ,0 ,0 ,0 ,1 ,0 ,0 ,0 ,0 ,0 ,0 ,0 ,0 ,0 ,0 ,0 ,0 ,0 ,0
Northern Mockingbird ,435 ,642 ,784 ,715 ,604 ,628 ,359 ,591 ,602 ,619 ,668 ,675 ,766 ,577 ,590 ,641 ,619 ,623 ,585 ,629 ,513 ,624 ,706 ,650 ,689 ,664 ,701 ,709 ,706 ,751 ,807 ,657 ,666 ,736 ,967 ,949 ,912 ,767 ,718 ,779 ,713 ,743 ,700 ,791 ,739 ,791 ,824 ,690 ,692 ,569
Northern Parula ,21 ,20 ,19 ,53 ,47 ,36 ,28 ,46 ,26 ,20 ,28 ,37 ,56 ,40 ,45 ,70 ,66 ,49 ,52 ,54 ,45 ,63 ,52 ,51 ,55 ,63 ,108 ,91 ,105 ,87 ,100 ,114 ,125 ,122 ,117 ,119 ,87 ,82 ,75 ,94 ,91 ,98 ,91 ,98 ,94 ,85 ,100 ,110 ,106 ,102
Northern Rough-winged Swallow ,26 ,16 ,9 ,36 ,33 ,44 ,27 ,31 ,32 ,115 ,50 ,86 ,47 ,25 ,49 ,59 ,86 ,96 ,59 ,67 ,111 ,68 ,41 ,36 ,55 ,78 ,37 ,59 ,42 ,65 ,49 ,58 ,65 ,64 ,68 ,49 ,59 ,52 ,40 ,51 ,52 ,57 ,58 ,52 ,54 ,45 ,58 ,33 ,36 ,56
Northern Saw-whet Owl ,0 ,0 ,0 ,0 ,0 ,0 ,0 ,0 ,0 ,0 ,0 ,0 ,0 ,0 ,0 ,0 ,0 ,0 ,0 ,0 ,0 ,0 ,0 ,0 ,0 ,0 ,0 ,0 ,0 ,0 ,0 ,1 ,0 ,0 ,0 ,0 ,0 ,0 ,0 ,0 ,0 ,0 ,0 ,0 ,0 ,0 ,0 ,0 ,0 ,0
Northern Waterthrush ,0 ,0 ,0 ,1 ,0 ,0 ,0 ,0 ,0 ,0 ,0 ,0 ,0 ,0 ,0 ,0 ,0 ,0 ,0 ,0 ,0 ,0 ,0 ,0 ,0 ,0 ,2 ,0 ,0 ,0 ,0 ,0 ,0 ,0 ,0 ,0 ,0 ,0 ,0 ,0 ,0 ,0 ,0 ,0 ,0 ,0 ,0 ,0 ,0 ,0
Northern Waterthrush ,0 ,0 ,0 ,0 ,0 ,0 ,0 ,0 ,0 ,0 ,0 ,0 ,0 ,0 ,0 ,0 ,0 ,0 ,0 ,0 ,0 ,0 ,0 ,0 ,0 ,0 ,0 ,0 ,0 ,0 ,0 ,0 ,0 ,0 ,0 ,0 ,0 ,1 ,0 ,0 ,7 ,0 ,0 ,0 ,0 ,0 ,0 ,0 ,0 ,1
Olive-sided Flycatcher ,0 ,0 ,0 ,0 ,0 ,0 ,0 ,0 ,0 ,0 ,0 ,0 ,0 ,0 ,0 ,0 ,0 ,0 ,0 ,0 ,0 ,0 ,0 ,0 ,0 ,0 ,0 ,0 ,0 ,0 ,0 ,0 ,0 ,0 ,0 ,0 ,0 ,0 ,0 ,1 ,0 ,0 ,0 ,0 ,0 ,0 ,0 ,0 ,0 ,0
Orchard Oriole ,18 ,20 ,26 ,34 ,38 ,61 ,23 ,56 ,79 ,57 ,67 ,85 ,92 ,105 ,66 ,91 ,88 ,68 ,75 ,78 ,87 ,102 ,113 ,112 ,103 ,107 ,96 ,83 ,109 ,94 ,134 ,101 ,116 ,90 ,136 ,142 ,150 ,99 ,141 ,136 ,151 ,137 ,101 ,156 ,88 ,118 ,153 ,127 ,131 ,143
Osprey ,0 ,0 ,4 ,4 ,1 ,0 ,0 ,0 ,1 ,2 ,3 ,3 ,1 ,3 ,5 ,3 ,5 ,6 ,6 ,6 ,5 ,5 ,3 ,0 ,4 ,5 ,16 ,6 ,7 ,11 ,24 ,34 ,35 ,15 ,9 ,12 ,14 ,11 ,14 ,7 ,29 ,22 ,13 ,26 ,25 ,22 ,21 ,38 ,18 ,23
Ovenbird ,68 ,119 ,78 ,112 ,144 ,127 ,66 ,114 ,106 ,90 ,122 ,170 ,188 ,178 ,161 ,217 ,216 ,221 ,243 ,213 ,218 ,214 ,253 ,232 ,234 ,257 ,557 ,723 ,801 ,758 ,903 ,810 ,862 ,753 ,780 ,699 ,757 ,502 ,652 ,732 ,640 ,750 ,604 ,633 ,643 ,697 ,700 ,709 ,805 ,732
Palm Warbler ,0 ,0 ,0 ,0 ,0 ,0 ,0 ,0 ,0 ,0 ,0 ,0 ,0 ,0 ,0 ,0 ,0 ,0 ,0 ,0 ,0 ,0 ,0 ,0 ,0 ,0 ,0 ,0 ,0 ,0 ,0 ,0 ,0 ,0 ,0 ,0 ,0 ,0 ,0 ,1 ,0 ,0 ,0 ,0 ,0 ,0 ,0 ,0 ,0 ,0
Peregrine Falcon ,0 ,0 ,0 ,0 ,0 ,0 ,0 ,0 ,0 ,0 ,0 ,0 ,0 ,0 ,0 ,0 ,0 ,0 ,0 ,0 ,0 ,0 ,0 ,0 ,0 ,0 ,0 ,3 ,0 ,0 ,0 ,0 ,0 ,0 ,0 ,0 ,0 ,0 ,0 ,0 ,0 ,0 ,2 ,0 ,0 ,0 ,0 ,0 ,0 ,0
Pied-billed Grebe ,0 ,0 ,0 ,0 ,0 ,0 ,0 ,1 ,0 ,0 ,0 ,0 ,0 ,0 ,0 ,0 ,0 ,0 ,0 ,0 ,0 ,0 ,0 ,0 ,0 ,0 ,0 ,1 ,0 ,0 ,0 ,0 ,0 ,0 ,0 ,0 ,0 ,0 ,0 ,0 ,0 ,0 ,0 ,0 ,0 ,0 ,0 ,0 ,0 ,0
Pileated Woodpecker ,13 ,24 ,25 ,27 ,23 ,30 ,10 ,28 ,26 ,40 ,36 ,48 ,66 ,40 ,63 ,77 ,58 ,82 ,62 ,59 ,75 ,91 ,99 ,102 ,101 ,101 ,161 ,185 ,225 ,217 ,208 ,213 ,171 ,186 ,115 ,121 ,199 ,91 ,136 ,144 ,113 ,140 ,129 ,139 ,109 ,137 ,158 ,152 ,183 ,167
Pine Siskin ,0 ,0 ,0 ,0 ,0 ,0 ,0 ,0 ,0 ,0 ,0 ,0 ,0 ,0 ,0 ,0 ,0 ,0 ,0 ,0 ,0 ,0 ,1 ,0 ,0 ,0 ,0 ,0 ,0 ,0 ,0 ,0 ,0 ,0 ,0 ,0 ,0 ,0 ,0 ,0 ,0 ,0 ,0 ,0 ,0 ,0 ,0 ,0 ,0 ,0
Pine Warbler ,39 ,110 ,91 ,90 ,72 ,65 ,38 ,90 ,110 ,133 ,181 ,150 ,130 ,168 ,152 ,164 ,196 ,227 ,204 ,166 ,127 ,146 ,239 ,152 ,223 ,225 ,434 ,391 ,347 ,341 ,262 ,322 ,332 ,357 ,340 ,359 ,383 ,286 ,264 ,354 ,357 ,281 ,202 ,325 ,285 ,228 ,267 ,305 ,251 ,289
Prairie Warbler ,77 ,122 ,123 ,82 ,80 ,138 ,41 ,111 ,109 ,148 ,129 ,140 ,149 ,124 ,94 ,149 ,104 ,127 ,101 ,114 ,111 ,113 ,149 ,124 ,143 ,151 ,228 ,230 ,291 ,260 ,314 ,303 ,273 ,262 ,203 ,211 ,230 ,196 ,162 ,219 ,190 ,212 ,158 ,177 ,162 ,173 ,174 ,156 ,154 ,179
Prothonotary Warbler ,8 ,5 ,7 ,9 ,8 ,4 ,6 ,6 ,8 ,16 ,18 ,12 ,13 ,25 ,13 ,22 ,21 ,27 ,9 ,22 ,13 ,14 ,14 ,22 ,13 ,17 ,160 ,109 ,128 ,115 ,158 ,141 ,171 ,150 ,21 ,135 ,146 ,132 ,31 ,113 ,35 ,143 ,107 ,126 ,139 ,130 ,38 ,31 ,98 ,101
Purple Finch ,0 ,0 ,0 ,0 ,0 ,0 ,0 ,0 ,0 ,0 ,0 ,0 ,0 ,0 ,0 ,0 ,0 ,0 ,0 ,0 ,0 ,0 ,0 ,0 ,0 ,0 ,0 ,0 ,0 ,0 ,0 ,0 ,0 ,0 ,0 ,0 ,0 ,0 ,0 ,0 ,1 ,0 ,0 ,0 ,0 ,0 ,0 ,0 ,0 ,0
Purple Martin ,44 ,90 ,91 ,69 ,82 ,33 ,24 ,44 ,46 ,54 ,80 ,92 ,123 ,122 ,135 ,169 ,125 ,80 ,149 ,159 ,121 ,182 ,178 ,203 ,236 ,231 ,219 ,266 ,212 ,216 ,311 ,218 ,201 ,238 ,195 ,214 ,190 ,126 ,183 ,212 ,151 ,203 ,161 ,183 ,205 ,241 ,237 ,252 ,282 ,208
Red Crossbill ,0 ,0 ,0 ,0 ,0 ,0 ,0 ,0 ,0 ,0 ,1 ,0 ,0 ,0 ,0 ,0 ,4 ,0 ,0 ,0 ,0 ,0 ,9 ,0 ,0 ,5 ,1 ,0 ,0 ,2 ,0 ,0 ,0 ,0 ,0 ,0 ,0 ,0 ,0 ,0 ,0 ,0 ,0 ,0 ,0 ,0 ,0 ,0 ,0 ,0
Red-bellied Woodpecker ,125 ,205 ,173 ,209 ,174 ,241 ,92 ,219 ,179 ,179 ,148 ,229 ,215 ,192 ,172 ,192 ,183 ,216 ,182 ,175 ,193 ,185 ,281 ,188 ,220 ,250 ,283 ,288 ,312 ,300 ,351 ,318 ,300 ,310 ,336 ,318 ,410 ,247 ,297 ,382 ,316 ,384 ,312 ,451 ,344 ,384 ,408 ,335 ,441 ,398
Red-breasted Nuthatch ,0 ,0 ,0 ,0 ,0 ,0 ,0 ,0 ,0 ,0 ,0 ,0 ,0 ,0 ,0 ,0 ,0 ,0 ,0 ,0 ,0 ,0 ,0 ,0 ,0 ,0 ,0 ,1 ,0 ,0 ,1 ,0 ,0 ,0 ,1 ,0 ,1 ,0 ,1 ,1 ,0 ,0 ,3 ,5 ,9 ,2 ,5 ,0 ,1 ,0
Red-cockaded Woodpecker ,0 ,0 ,0 ,0 ,0 ,0 ,1 ,0 ,0 ,0 ,0 ,0 ,0 ,0 ,0 ,0 ,0 ,0 ,0 ,0 ,0 ,0 ,0 ,0 ,0 ,0 ,0 ,0 ,0 ,0 ,0 ,0 ,0 ,0 ,0 ,0 ,0 ,0 ,0 ,0 ,0 ,0 ,0 ,0 ,0 ,0 ,0 ,0 ,0 ,0
Red-eyed Vireo ,336 ,376 ,291 ,461 ,381 ,433 ,213 ,443 ,492 ,403 ,494 ,683 ,880 ,780 ,613 ,888 ,710 ,733 ,755 ,743 ,806 ,811 ,969 ,698 ,874 ,953 ,1327 ,1518 ,1718 ,1556 ,1859 ,1922 ,1689 ,1817 ,1775 ,1574 ,1507 ,1221 ,1596 ,1791 ,1436 ,1612 ,1299 ,1540 ,1438 ,1530 ,1421 ,1390 ,1356 ,1484
Red-headed Woodpecker ,2 ,6 ,0 ,5 ,3 ,5 ,3 ,4 ,2 ,4 ,4 ,4 ,11 ,9 ,7 ,8 ,2 ,10 ,11 ,6 ,15 ,9 ,10 ,15 ,17 ,11 ,13 ,13 ,8 ,13 ,11 ,24 ,11 ,17 ,8 ,16 ,15 ,6 ,16 ,13 ,13 ,17 ,11 ,23 ,28 ,29 ,30 ,21 ,20 ,25
Red-shouldered Hawk ,0 ,2 ,1 ,6 ,4 ,1 ,4 ,10 ,4 ,1 ,3 ,7 ,5 ,9 ,16 ,7 ,16 ,8 ,4 ,9 ,4 ,10 ,18 ,12 ,15 ,19 ,27 ,23 ,20 ,34 ,27 ,40 ,40 ,30 ,16 ,46 ,25 ,11 ,27 ,33 ,54 ,37 ,36 ,58 ,47 ,42 ,49 ,30 ,48 ,35
Red-tailed Hawk ,3 ,6 ,2 ,0 ,2 ,1 ,1 ,8 ,7 ,6 ,4 ,12 ,16 ,15 ,21 ,14 ,18 ,17 ,16 ,22 ,28 ,30 ,28 ,15 ,28 ,34 ,27 ,31 ,28 ,32 ,31 ,38 ,31 ,34 ,40 ,38 ,41 ,23 ,38 ,36 ,36 ,18 ,18 ,25 ,16 ,30 ,37 ,26 ,41 ,26
Red-winged Blackbird ,836 ,491 ,646 ,583 ,611 ,582 ,446 ,785 ,610 ,880 ,790 ,880 ,785 ,800 ,596 ,716 ,762 ,867 ,613 ,548 ,393 ,500 ,846 ,607 ,719 ,576 ,808 ,990 ,666 ,853 ,823 ,842 ,791 ,702 ,616 ,715 ,659 ,808 ,729 ,1097 ,852 ,817 ,597 ,673 ,349 ,703 ,800 ,604 ,522 ,656
Ring-billed Gull ,0 ,0 ,0 ,0 ,0 ,0 ,0 ,0 ,0 ,0 ,0 ,0 ,1 ,2 ,4 ,14 ,0 ,0 ,0 ,0 ,0 ,0 ,0 ,0 ,7 ,0 ,0 ,0 ,0 ,0 ,0 ,0 ,0 ,0 ,0 ,0 ,0 ,0 ,0 ,0 ,0 ,0 ,1 ,0 ,0 ,0 ,4 ,0 ,0 ,0
Ring-necked Duck ,0 ,0 ,0 ,0 ,0 ,0 ,0 ,0 ,0 ,0 ,0 ,0 ,0 ,0 ,0 ,0 ,0 ,0 ,0 ,0 ,0 ,0 ,0 ,0 ,0 ,0 ,0 ,0 ,0 ,0 ,0 ,0 ,0 ,0 ,0 ,0 ,0 ,0 ,0 ,0 ,0 ,0 ,0 ,0 ,1 ,0 ,0 ,0 ,0 ,0
Ring-necked Pheasant ,2 ,4 ,9 ,4 ,11 ,10 ,5 ,7 ,17 ,22 ,30 ,17 ,2 ,21 ,4 ,2 ,9 ,3 ,3 ,4 ,0 ,0 ,5 ,10 ,1 ,2 ,5 ,0 ,2 ,2 ,1 ,2 ,0 ,0 ,0 ,0 ,0 ,0 ,0 ,0 ,0 ,0 ,0 ,0 ,0 ,1 ,0 ,0 ,0 ,0
Rock Pigeon ,39 ,126 ,100 ,148 ,125 ,102 ,113 ,151 ,164 ,132 ,203 ,217 ,162 ,140 ,276 ,181 ,185 ,129 ,154 ,152 ,128 ,170 ,164 ,101 ,147 ,167 ,408 ,221 ,182 ,211 ,141 ,194 ,158 ,138 ,242 ,178 ,187 ,157 ,205 ,192 ,127 ,237 ,71 ,125 ,84 ,106 ,74 ,48 ,132 ,45
Rose-breasted Grosbeak ,1 ,4 ,0 ,1 ,2 ,3 ,6 ,4 ,4 ,0 ,4 ,4 ,6 ,8 ,1 ,3 ,10 ,6 ,2 ,9 ,4 ,2 ,5 ,6 ,2 ,3 ,18 ,44 ,55 ,42 ,44 ,50 ,43 ,33 ,22 ,11 ,19 ,4 ,30 ,32 ,22 ,24 ,15 ,17 ,25 ,13 ,19 ,31 ,27 ,20
Rose-breasted Grosbeak ,0 ,0 ,0 ,0 ,0 ,0 ,0 ,0 ,0 ,0 ,0 ,0 ,0 ,0 ,0 ,0 ,0 ,0 ,0 ,0 ,0 ,0 ,0 ,0 ,0 ,0 ,0 ,0 ,0 ,0 ,0 ,0 ,0 ,0 ,0 ,0 ,0 ,0 ,0 ,0 ,1 ,0 ,0 ,1 ,0 ,0 ,0 ,0 ,0 ,0
Royal Tern ,4 ,0 ,0 ,0 ,0 ,0 ,0 ,0 ,7 ,0 ,0 ,0 ,1 ,0 ,0 ,4 ,0 ,0 ,0 ,1 ,0 ,0 ,1 ,0 ,0 ,0 ,0 ,16 ,0 ,111 ,29 ,12 ,37 ,52 ,10 ,6 ,14 ,19 ,4 ,4 ,14 ,11 ,0 ,0 ,0 ,0 ,0 ,0 ,0 ,0
Ruby-throated Hummingbird ,6 ,8 ,7 ,12 ,7 ,12 ,10 ,14 ,12 ,19 ,17 ,18 ,20 ,10 ,23 ,26 ,22 ,26 ,32 ,37 ,31 ,36 ,22 ,16 ,31 ,28 ,40 ,51 ,35 ,47 ,60 ,61 ,35 ,62 ,39 ,45 ,44 ,47 ,56 ,59 ,48 ,54 ,51 ,54 ,43 ,54 ,46 ,44 ,62 ,57
Ruffed Grouse ,0 ,1 ,1 ,1 ,1 ,0 ,0 ,0 ,0 ,2 ,1 ,1 ,0 ,1 ,0 ,1 ,2 ,2 ,4 ,8 ,3 ,0 ,0 ,0 ,0 ,0 ,2 ,4 ,5 ,8 ,4 ,7 ,2 ,2 ,2 ,1 ,3 ,1 ,1 ,1 ,4 ,2 ,7 ,2 ,1 ,3 ,1 ,0 ,0 ,2
Saltmarsh Sparrow ,0 ,0 ,0 ,0 ,0 ,0 ,0 ,0 ,0 ,0 ,0 ,0 ,0 ,0 ,0 ,0 ,0 ,0 ,0 ,0 ,0 ,0 ,0 ,0 ,0 ,0 ,5 ,2 ,0 ,3 ,0 ,2 ,4 ,4 ,3 ,4 ,3 ,2 ,0 ,0 ,1 ,11 ,0 ,5 ,0 ,12 ,1 ,0 ,0 ,0
Sandwich Tern ,0 ,0 ,0 ,0 ,0 ,0 ,0 ,0 ,0 ,0 ,0 ,0 ,0 ,0 ,0 ,0 ,0 ,0 ,0 ,0 ,0 ,0 ,0 ,0 ,0 ,0 ,0 ,0 ,0 ,0 ,0 ,0 ,0 ,1 ,0 ,0 ,0 ,0 ,0 ,0 ,0 ,0 ,0 ,0 ,0 ,0 ,0 ,0 ,0 ,0
Savannah Sparrow ,3 ,0 ,0 ,0 ,0 ,0 ,0 ,2 ,0 ,0 ,0 ,0 ,0 ,0 ,0 ,0 ,3 ,2 ,3 ,7 ,2 ,0 ,0 ,0 ,1 ,7 ,0 ,0 ,1 ,4 ,0 ,1 ,2 ,5 ,5 ,2 ,2 ,1 ,4 ,4 ,4 ,1 ,2 ,3 ,1 ,2 ,1 ,1 ,3 ,1
Savannah Sparrow ,0 ,0 ,0 ,0 ,0 ,0 ,0 ,0 ,0 ,0 ,0 ,0 ,0 ,0 ,0 ,0 ,0 ,0 ,0 ,0 ,0 ,0 ,0 ,0 ,0 ,0 ,0 ,0 ,0 ,0 ,0 ,0 ,0 ,0 ,0 ,0 ,0 ,0 ,0 ,0 ,0 ,0 ,0 ,0 ,0 ,0 ,0 ,0 ,0 ,1
Scarlet Tanager ,60 ,71 ,84 ,79 ,64 ,91 ,30 ,47 ,103 ,65 ,96 ,168 ,200 ,162 ,149 ,184 ,147 ,144 ,151 ,157 ,206 ,198 ,220 ,178 ,205 ,200 ,353 ,480 ,485 ,486 ,521 ,453 ,410 ,396 ,441 ,345 ,402 ,304 ,415 ,422 ,395 ,420 ,354 ,371 ,309 ,341 ,343 ,347 ,352 ,349
Seaside Sparrow ,0 ,0 ,0 ,0 ,0 ,0 ,0 ,0 ,0 ,0 ,0 ,0 ,0 ,0 ,0 ,0 ,0 ,0 ,0 ,0 ,0 ,0 ,0 ,0 ,0 ,0 ,17 ,14 ,0 ,22 ,17 ,20 ,13 ,2 ,6 ,7 ,9 ,7 ,0 ,12 ,8 ,10 ,5 ,7 ,19 ,4 ,14 ,5 ,8 ,12
Sedge Wren ,0 ,0 ,0 ,0 ,0 ,0 ,0 ,0 ,0 ,0 ,0 ,0 ,0 ,0 ,0 ,0 ,0 ,0 ,0 ,0 ,0 ,0 ,0 ,0 ,0 ,0 ,6 ,1 ,0 ,0 ,0 ,0 ,0 ,0 ,0 ,0 ,0 ,0 ,0 ,0 ,0 ,0 ,0 ,0 ,0 ,0 ,0 ,0 ,0 ,0
Semipalmated Plover ,0 ,0 ,0 ,0 ,0 ,0 ,0 ,0 ,0 ,0 ,0 ,0 ,0 ,0 ,0 ,0 ,0 ,0 ,0 ,0 ,0 ,0 ,0 ,0 ,0 ,0 ,0 ,0 ,0 ,0 ,0 ,0 ,0 ,0 ,0 ,55 ,0 ,0 ,0 ,0 ,0 ,0 ,0 ,0 ,0 ,0 ,0 ,0 ,0 ,0
Semipalmated Sandpiper ,0 ,0 ,0 ,0 ,0 ,0 ,0 ,0 ,0 ,0 ,0 ,0 ,0 ,0 ,0 ,0 ,0 ,0 ,0 ,0 ,0 ,0 ,0 ,0 ,0 ,0 ,0 ,0 ,0 ,0 ,0 ,0 ,0 ,0 ,0 ,1 ,0 ,0 ,0 ,0 ,0 ,0 ,0 ,0 ,0 ,0 ,0 ,0 ,0 ,0
Sharp-shinned Hawk ,0 ,0 ,0 ,0 ,0 ,0 ,0 ,0 ,0 ,0 ,0 ,0 ,0 ,0 ,0 ,0 ,0 ,1 ,0 ,0 ,0 ,0 ,0 ,0 ,0 ,0 ,0 ,0 ,0 ,0 ,0 ,0 ,0 ,0 ,0 ,0 ,2 ,1 ,0 ,0 ,0 ,0 ,1 ,0 ,0 ,0 ,0 ,1 ,0 ,0
Sharp-shinned Hawk ,0 ,1 ,0 ,0 ,2 ,0 ,0 ,0 ,1 ,0 ,0 ,0 ,1 ,0 ,1 ,1 ,2 ,2 ,1 ,0 ,0 ,3 ,0 ,1 ,0 ,3 ,4 ,7 ,4 ,1 ,4 ,3 ,0 ,1 ,0 ,3 ,1 ,7 ,4 ,3 ,0 ,2 ,0 ,1 ,0 ,0 ,0 ,2 ,0 ,1
Snowy Egret ,1 ,0 ,2 ,0 ,0 ,0 ,0 ,2 ,0 ,0 ,0 ,0 ,1 ,1 ,1 ,0 ,0 ,1 ,0 ,2 ,0 ,0 ,0 ,0 ,0 ,0 ,2 ,1 ,0 ,10 ,16 ,0 ,25 ,1 ,1 ,3 ,0 ,2 ,0 ,0 ,2 ,0 ,0 ,5 ,0 ,0 ,1 ,0 ,4 ,1
Solitary Sandpiper ,0 ,0 ,0 ,0 ,0 ,0 ,0 ,0 ,0 ,0 ,0 ,0 ,0 ,0 ,0 ,0 ,0 ,0 ,0 ,0 ,0 ,0 ,0 ,0 ,0 ,0 ,0 ,0 ,0 ,0 ,1 ,0 ,0 ,0 ,0 ,0 ,0 ,0 ,0 ,0 ,0 ,0 ,0 ,0 ,0 ,0 ,0 ,0 ,0 ,0
Song Sparrow ,89 ,88 ,164 ,262 ,270 ,268 ,159 ,290 ,382 ,310 ,354 ,407 ,463 ,334 ,242 ,482 ,693 ,469 ,471 ,391 ,514 ,407 ,433 ,424 ,420 ,469 ,510 ,454 ,496 ,502 ,503 ,537 ,498 ,442 ,509 ,483 ,501 ,471 ,493 ,465 ,431 ,483 ,395 ,395 ,284 ,318 ,319 ,245 ,264 ,241
Spotted Sandpiper ,0 ,0 ,1 ,1 ,1 ,0 ,0 ,0 ,0 ,1 ,2 ,0 ,0 ,0 ,0 ,0 ,0 ,0 ,1 ,0 ,4 ,0 ,0 ,0 ,0 ,0 ,0 ,0 ,1 ,1 ,0 ,0 ,0 ,0 ,0 ,1 ,0 ,0 ,1 ,0 ,1 ,0 ,0 ,0 ,0 ,0 ,0 ,0 ,0 ,0
Summer Tanager ,24 ,50 ,36 ,73 ,42 ,55 ,34 ,63 ,71 ,49 ,49 ,85 ,103 ,100 ,84 ,96 ,97 ,83 ,59 ,72 ,95 ,85 ,84 ,52 ,65 ,76 ,146 ,139 ,141 ,120 ,110 ,114 ,129 ,118 ,79 ,80 ,72 ,80 ,95 ,114 ,86 ,109 ,117 ,105 ,113 ,136 ,142 ,126 ,160 ,172
Swainson's Thrush ,0 ,0 ,0 ,0 ,0 ,0 ,0 ,0 ,0 ,0 ,0 ,0 ,0 ,0 ,0 ,0 ,0 ,0 ,0 ,0 ,0 ,0 ,0 ,0 ,0 ,0 ,0 ,0 ,0 ,0 ,0 ,0 ,0 ,0 ,0 ,0 ,0 ,0 ,0 ,1 ,0 ,0 ,0 ,0 ,0 ,0 ,0 ,0 ,0 ,0
Swainson's Thrush ,0 ,0 ,0 ,0 ,0 ,0 ,0 ,0 ,0 ,0 ,0 ,0 ,0 ,0 ,0 ,0 ,0 ,0 ,0 ,0 ,0 ,0 ,0 ,0 ,0 ,0 ,0 ,0 ,0 ,0 ,0 ,0 ,0 ,0 ,0 ,1 ,0 ,0 ,0 ,0 ,0 ,0 ,0 ,0 ,0 ,0 ,0 ,0 ,0 ,0
Swainson's Warbler ,0 ,0 ,0 ,1 ,0 ,0 ,1 ,0 ,0 ,1 ,0 ,0 ,1 ,1 ,0 ,2 ,3 ,1 ,0 ,4 ,2 ,1 ,1 ,2 ,1 ,0 ,8 ,19 ,7 ,11 ,8 ,12 ,9 ,6 ,4 ,5 ,10 ,13 ,3 ,11 ,3 ,6 ,6 ,4 ,12 ,7 ,3 ,1 ,12 ,8
Swamp Sparrow ,0 ,0 ,0 ,0 ,1 ,0 ,0 ,0 ,0 ,0 ,0 ,0 ,0 ,0 ,0 ,1 ,0 ,0 ,2 ,2 ,0 ,0 ,0 ,0 ,0 ,0 ,0 ,0 ,0 ,0 ,0 ,0 ,0 ,0 ,0 ,0 ,6 ,0 ,0 ,0 ,2 ,0 ,0 ,0 ,0 ,0 ,0 ,1 ,0 ,0
Tennessee Warbler ,0 ,0 ,0 ,0 ,0 ,0 ,0 ,0 ,0 ,0 ,0 ,0 ,0 ,0 ,0 ,0 ,0 ,0 ,0 ,0 ,0 ,0 ,0 ,0 ,0 ,0 ,0 ,0 ,0 ,0 ,1 ,0 ,0 ,0 ,0 ,0 ,0 ,0 ,0 ,0 ,0 ,0 ,0 ,0 ,0 ,0 ,0 ,0 ,0 ,0
Tree Swallow ,0 ,0 ,4 ,2 ,0 ,0 ,1 ,0 ,1 ,0 ,5 ,21 ,0 ,1 ,2 ,4 ,5 ,2 ,2 ,4 ,6 ,6 ,10 ,5 ,11 ,7 ,2 ,36 ,41 ,34 ,38 ,70 ,113 ,41 ,77 ,61 ,68 ,44 ,121 ,151 ,158 ,122 ,84 ,118 ,120 ,111 ,156 ,174 ,166 ,135
Tricolored Heron ,0 ,0 ,2 ,0 ,0 ,0 ,0 ,0 ,0 ,0 ,0 ,0 ,0 ,0 ,0 ,0 ,0 ,0 ,0 ,0 ,0 ,0 ,0 ,0 ,0 ,0 ,0 ,0 ,0 ,0 ,0 ,0 ,0 ,1 ,0 ,0 ,0 ,0 ,0 ,0 ,0 ,0 ,1 ,0 ,0 ,1 ,0 ,0 ,0 ,0
Tufted Titmouse ,115 ,195 ,203 ,287 ,246 ,306 ,159 ,291 ,302 ,293 ,276 ,360 ,453 ,357 ,304 ,488 ,384 ,529 ,433 ,319 ,380 ,490 ,503 ,490 ,615 ,643 ,766 ,798 ,926 ,891 ,1094 ,991 ,912 ,957 ,1015 ,839 ,924 ,713 ,729 ,791 ,677 ,827 ,766 ,948 ,781 ,924 ,965 ,1093 ,1009 ,1081
Turkey Vulture ,31 ,36 ,30 ,42 ,58 ,35 ,59 ,98 ,53 ,90 ,71 ,128 ,88 ,101 ,187 ,155 ,166 ,103 ,108 ,129 ,119 ,155 ,138 ,157 ,128 ,153 ,207 ,258 ,181 ,165 ,247 ,229 ,293 ,260 ,403 ,369 ,249 ,391 ,336 ,393 ,332 ,297 ,193 ,431 ,341 ,431 ,415 ,450 ,359 ,470
unid. Accipiter Hawk ,0 ,0 ,0 ,0 ,0 ,0 ,0 ,0 ,0 ,0 ,0 ,1 ,0 ,0 ,0 ,0 ,0 ,0 ,0 ,0 ,0 ,0 ,0 ,0 ,0 ,1 ,0 ,0 ,0 ,0 ,0 ,0 ,0 ,0 ,1 ,0 ,0 ,0 ,0 ,0 ,0 ,0 ,0 ,0 ,0 ,0 ,0 ,0 ,1 ,1
unid. American Crow / Fish Crow ,0 ,0 ,0 ,0 ,0 ,0 ,0 ,0 ,0 ,0 ,0 ,0 ,0 ,0 ,0 ,0 ,0 ,0 ,0 ,0 ,0 ,0 ,0 ,0 ,0 ,0 ,1 ,0 ,0 ,1 ,1 ,1 ,0 ,0 ,8 ,0 ,0 ,12 ,10 ,2 ,1 ,0 ,3 ,6 ,0 ,0 ,0 ,0 ,1 ,10
unid. Buteo Hawk ,0 ,0 ,0 ,0 ,0 ,0 ,0 ,0 ,0 ,0 ,0 ,0 ,0 ,1 ,0 ,0 ,0 ,0 ,0 ,0 ,0 ,0 ,0 ,0 ,0 ,0 ,0 ,1 ,0 ,0 ,0 ,0 ,1 ,1 ,0 ,0 ,0 ,1 ,0 ,0 ,0 ,0 ,0 ,0 ,0 ,0 ,0 ,0 ,0 ,0
unid. Carolina Chickadee / Black-capped Chickadee ,0 ,0 ,0 ,0 ,0 ,0 ,0 ,0 ,0 ,0 ,0 ,0 ,0 ,0 ,0 ,0 ,0 ,0 ,0 ,0 ,0 ,0 ,0 ,0 ,0 ,0 ,0 ,2 ,0 ,1 ,0 ,0 ,0 ,0 ,0 ,0 ,0 ,0 ,0 ,0 ,2 ,0 ,0 ,0 ,0 ,0 ,0 ,0 ,0 ,0
unid. Empidonax Flycatcher ,0 ,0 ,0 ,0 ,0 ,0 ,0 ,0 ,0 ,0 ,0 ,0 ,0 ,0 ,0 ,0 ,0 ,0 ,0 ,0 ,0 ,0 ,0 ,0 ,0 ,0 ,0 ,0 ,0 ,1 ,0 ,0 ,0 ,0 ,0 ,0 ,0 ,0 ,0 ,0 ,0 ,0 ,0 ,0 ,0 ,0 ,0 ,0 ,0 ,0
unid. Greater Yellowlegs / Lesser Yellowlegs ,0 ,0 ,0 ,0 ,0 ,0 ,0 ,0 ,0 ,0 ,0 ,0 ,0 ,0 ,0 ,0 ,0 ,0 ,0 ,0 ,0 ,0 ,0 ,0 ,0 ,0 ,0 ,0 ,0 ,0 ,0 ,0 ,0 ,0 ,0 ,0 ,0 ,0 ,0 ,0 ,0 ,0 ,0 ,0 ,1 ,0 ,0 ,0 ,0 ,0
unid. Gull ,0 ,0 ,0 ,0 ,0 ,0 ,0 ,0 ,0 ,0 ,0 ,0 ,0 ,0 ,0 ,0 ,0 ,0 ,0 ,0 ,0 ,0 ,0 ,0 ,0 ,0 ,0 ,0 ,0 ,0 ,0 ,0 ,0 ,0 ,0 ,0 ,0 ,0 ,0 ,0 ,0 ,1 ,0 ,0 ,0 ,0 ,0 ,0 ,0 ,0
unid. small ''peep'' sandpiper ,0 ,0 ,0 ,0 ,0 ,0 ,0 ,0 ,0 ,0 ,0 ,0 ,0 ,0 ,0 ,0 ,0 ,0 ,0 ,0 ,0 ,0 ,0 ,0 ,0 ,0 ,0 ,0 ,0 ,0 ,0 ,0 ,0 ,0 ,0 ,0 ,0 ,0 ,0 ,0 ,0 ,0 ,0 ,0 ,0 ,0 ,0 ,3 ,0 ,0
unid. Woodpecker ,0 ,0 ,0 ,0 ,0 ,0 ,0 ,0 ,0 ,0 ,0 ,0 ,0 ,0 ,0 ,0 ,0 ,0 ,0 ,0 ,0 ,0 ,0 ,0 ,0 ,0 ,0 ,0 ,0 ,0 ,0 ,0 ,0 ,0 ,0 ,0 ,0 ,0 ,0 ,0 ,0 ,0 ,0 ,0 ,0 ,0 ,0 ,0 ,0 ,1
Upland Sandpiper ,0 ,0 ,0 ,0 ,0 ,0 ,0 ,0 ,0 ,0 ,0 ,0 ,0 ,0 ,2 ,3 ,0 ,0 ,1 ,0 ,0 ,0 ,0 ,0 ,0 ,0 ,0 ,0 ,0 ,0 ,0 ,0 ,0 ,0 ,0 ,0 ,0 ,0 ,0 ,0 ,0 ,0 ,0 ,0 ,0 ,0 ,0 ,0 ,0 ,0
Veery ,0 ,0 ,0 ,0 ,0 ,0 ,0 ,0 ,1 ,1 ,0 ,1 ,0 ,0 ,0 ,2 ,1 ,0 ,1 ,0 ,1 ,0 ,0 ,0 ,0 ,0 ,45 ,171 ,159 ,168 ,153 ,162 ,151 ,200 ,176 ,78 ,109 ,46 ,123 ,120 ,81 ,95 ,93 ,77 ,124 ,91 ,71 ,83 ,97 ,95
Veery ,0 ,0 ,0 ,0 ,0 ,0 ,0 ,0 ,0 ,0 ,0 ,0 ,0 ,0 ,0 ,0 ,0 ,0 ,0 ,0 ,0 ,0 ,0 ,0 ,0 ,0 ,0 ,0 ,0 ,0 ,0 ,0 ,0 ,0 ,0 ,1 ,0 ,0 ,0 ,0 ,0 ,0 ,0 ,0 ,0 ,0 ,0 ,0 ,0 ,0
Vesper Sparrow ,13 ,17 ,3 ,1 ,4 ,6 ,10 ,5 ,12 ,4 ,19 ,6 ,10 ,7 ,11 ,14 ,13 ,12 ,8 ,5 ,7 ,2 ,3 ,5 ,5 ,2 ,2 ,3 ,3 ,3 ,1 ,4 ,4 ,3 ,2 ,2 ,2 ,1 ,2 ,1 ,2 ,1 ,0 ,0 ,1 ,0 ,3 ,0 ,2 ,2
Virginia Rail ,0 ,0 ,0 ,0 ,0 ,0 ,0 ,0 ,0 ,0 ,0 ,0 ,0 ,0 ,0 ,0 ,0 ,0 ,0 ,0 ,0 ,0 ,0 ,0 ,0 ,0 ,0 ,0 ,0 ,0 ,1 ,0 ,5 ,4 ,0 ,0 ,0 ,0 ,0 ,0 ,0 ,1 ,0 ,0 ,0 ,0 ,0 ,0 ,0 ,0
Warbling Vireo ,0 ,0 ,0 ,0 ,0 ,0 ,0 ,0 ,0 ,0 ,0 ,0 ,0 ,0 ,0 ,0 ,0 ,0 ,0 ,0 ,0 ,0 ,0 ,0 ,0 ,0 ,0 ,0 ,0 ,0 ,0 ,0 ,0 ,0 ,0 ,0 ,0 ,0 ,0 ,1 ,0 ,0 ,0 ,0 ,0 ,0 ,0 ,0 ,0 ,0
Warbling Vireo ,3 ,3 ,0 ,5 ,5 ,3 ,4 ,3 ,5 ,5 ,7 ,8 ,12 ,5 ,8 ,6 ,3 ,6 ,12 ,6 ,1 ,11 ,6 ,11 ,6 ,0 ,6 ,5 ,5 ,3 ,11 ,17 ,5 ,8 ,13 ,7 ,7 ,7 ,9 ,9 ,6 ,18 ,8 ,10 ,5 ,3 ,11 ,5 ,14 ,12
White Ibis ,0 ,0 ,0 ,0 ,0 ,0 ,0 ,0 ,0 ,0 ,0 ,0 ,0 ,0 ,0 ,0 ,0 ,0 ,0 ,0 ,0 ,0 ,0 ,0 ,0 ,0 ,0 ,0 ,0 ,0 ,0 ,0 ,0 ,0 ,0 ,0 ,0 ,0 ,0 ,0 ,0 ,0 ,0 ,0 ,0 ,4 ,0 ,29 ,36 ,1
White-breasted Nuthatch ,22 ,41 ,34 ,31 ,19 ,24 ,11 ,8 ,20 ,13 ,31 ,39 ,25 ,25 ,30 ,68 ,69 ,52 ,32 ,55 ,56 ,58 ,72 ,46 ,57 ,45 ,142 ,122 ,146 ,132 ,107 ,181 ,157 ,195 ,142 ,202 ,228 ,93 ,143 ,200 ,210 ,145 ,140 ,173 ,153 ,141 ,216 ,146 ,140 ,139
White-eyed Vireo ,37 ,83 ,23 ,46 ,48 ,57 ,26 ,62 ,76 ,85 ,59 ,87 ,126 ,101 ,86 ,135 ,107 ,121 ,108 ,88 ,109 ,89 ,117 ,80 ,118 ,124 ,178 ,164 ,155 ,173 ,179 ,157 ,171 ,191 ,144 ,174 ,202 ,150 ,141 ,108 ,113 ,147 ,142 ,158 ,189 ,171 ,230 ,188 ,254 ,284
White-throated Sparrow ,0 ,0 ,0 ,0 ,0 ,0 ,0 ,0 ,0 ,0 ,0 ,0 ,0 ,0 ,0 ,0 ,0 ,0 ,0 ,0 ,0 ,0 ,0 ,0 ,0 ,0 ,0 ,0 ,0 ,0 ,0 ,0 ,0 ,0 ,1 ,0 ,0 ,0 ,0 ,0 ,0 ,0 ,0 ,0 ,0 ,0 ,0 ,0 ,0 ,0
Wild Turkey ,0 ,2 ,0 ,1 ,2 ,0 ,2 ,2 ,1 ,8 ,2 ,3 ,5 ,2 ,15 ,4 ,5 ,14 ,16 ,2 ,20 ,4 ,17 ,8 ,13 ,5 ,15 ,15 ,41 ,14 ,30 ,35 ,23 ,26 ,37 ,21 ,19 ,28 ,37 ,47 ,53 ,39 ,24 ,40 ,27 ,37 ,40 ,40 ,42 ,45
Willet ,0 ,1 ,2 ,1 ,0 ,0 ,0 ,1 ,0 ,0 ,0 ,1 ,0 ,4 ,0 ,0 ,4 ,1 ,0 ,0 ,0 ,0 ,0 ,0 ,0 ,0 ,5 ,8 ,0 ,2 ,8 ,22 ,11 ,3 ,5 ,4 ,5 ,5 ,4 ,4 ,2 ,7 ,1 ,14 ,0 ,0 ,4 ,2 ,1 ,2
Willow Flycatcher ,0 ,2 ,1 ,12 ,7 ,2 ,3 ,9 ,12 ,6 ,3 ,6 ,7 ,0 ,4 ,6 ,19 ,11 ,6 ,3 ,11 ,10 ,12 ,5 ,18 ,25 ,15 ,21 ,17 ,9 ,11 ,11 ,11 ,3 ,11 ,6 ,8 ,8 ,2 ,6 ,0 ,2 ,1 ,2 ,1 ,0 ,3 ,7 ,9 ,5
Winter Wren ,0 ,0 ,0 ,0 ,0 ,0 ,0 ,0 ,0 ,0 ,0 ,1 ,0 ,0 ,0 ,0 ,1 ,1 ,0 ,0 ,0 ,0 ,0 ,0 ,0 ,0 ,6 ,1 ,0 ,1 ,0 ,3 ,6 ,7 ,2 ,1 ,1 ,2 ,0 ,2 ,4 ,1 ,1 ,2 ,4 ,0 ,0 ,1 ,1 ,0
Wood Duck ,1 ,4 ,2 ,7 ,3 ,14 ,3 ,5 ,2 ,15 ,1 ,11 ,14 ,13 ,13 ,5 ,19 ,25 ,12 ,15 ,20 ,21 ,10 ,5 ,20 ,30 ,18 ,17 ,48 ,30 ,39 ,61 ,16 ,22 ,10 ,26 ,29 ,19 ,11 ,34 ,40 ,17 ,24 ,23 ,56 ,6 ,13 ,16 ,50 ,19
Wood Thrush ,381 ,475 ,349 ,683 ,576 ,624 ,294 ,562 ,578 ,464 ,529 ,717 ,773 ,700 ,528 ,718 ,612 ,519 ,592 ,521 ,534 ,503 ,562 ,471 ,443 ,550 ,714 ,968 ,998 ,873 ,902 ,771 ,827 ,794 ,755 ,632 ,745 ,447 ,698 ,700 ,596 ,653 ,574 ,527 ,484 ,370 ,417 ,370 ,491 ,415
Worm-eating Warbler ,2 ,20 ,1 ,12 ,5 ,13 ,5 ,15 ,13 ,5 ,8 ,14 ,12 ,22 ,18 ,21 ,42 ,25 ,32 ,15 ,21 ,22 ,20 ,24 ,18 ,8 ,56 ,75 ,122 ,133 ,108 ,95 ,94 ,64 ,68 ,74 ,99 ,59 ,87 ,100 ,77 ,92 ,81 ,88 ,73 ,63 ,72 ,84 ,140 ,134
Worm-eating Warbler ,0 ,0 ,0 ,0 ,0 ,0 ,0 ,0 ,0 ,0 ,0 ,0 ,0 ,0 ,0 ,0 ,0 ,0 ,0 ,0 ,0 ,0 ,0 ,0 ,0 ,0 ,0 ,0 ,0 ,0 ,0 ,0 ,0 ,0 ,0 ,0 ,0 ,0 ,0 ,0 ,0 ,0 ,0 ,1 ,0 ,0 ,0 ,0 ,0 ,0
Yellow Warbler ,7 ,36 ,26 ,57 ,26 ,78 ,27 ,55 ,55 ,53 ,42 ,50 ,77 ,42 ,43 ,79 ,69 ,65 ,49 ,43 ,41 ,55 ,53 ,61 ,58 ,49 ,48 ,71 ,58 ,39 ,55 ,56 ,67 ,41 ,31 ,43 ,44 ,21 ,20 ,48 ,28 ,26 ,23 ,25 ,11 ,9 ,22 ,7 ,9 ,18
Yellow-bellied Sapsucker ,0 ,0 ,0 ,0 ,0 ,0 ,0 ,0 ,0 ,0 ,0 ,0 ,0 ,0 ,0 ,0 ,0 ,0 ,0 ,0 ,0 ,0 ,0 ,1 ,0 ,0 ,0 ,0 ,1 ,0 ,0 ,1 ,1 ,3 ,2 ,0 ,4 ,2 ,5 ,1 ,1 ,0 ,0 ,2 ,9 ,5 ,7 ,1 ,4 ,9
Yellow-bellied Sapsucker ,0 ,0 ,0 ,0 ,0 ,0 ,0 ,0 ,0 ,0 ,0 ,0 ,0 ,0 ,0 ,0 ,0 ,0 ,0 ,0 ,0 ,0 ,0 ,0 ,0 ,0 ,0 ,0 ,0 ,0 ,0 ,0 ,0 ,0 ,0 ,0 ,0 ,0 ,0 ,0 ,0 ,0 ,0 ,0 ,1 ,0 ,0 ,0 ,0 ,0
Yellow-billed Cuckoo ,62 ,56 ,84 ,174 ,100 ,140 ,56 ,224 ,74 ,83 ,135 ,179 ,283 ,431 ,253 ,245 ,98 ,164 ,114 ,142 ,136 ,144 ,218 ,141 ,167 ,212 ,211 ,237 ,191 ,314 ,246 ,127 ,115 ,115 ,213 ,258 ,198 ,105 ,264 ,297 ,187 ,229 ,163 ,166 ,223 ,223 ,146 ,186 ,170 ,186
Yellow-breasted Chat ,142 ,228 ,225 ,364 ,282 ,324 ,109 ,173 ,220 ,218 ,213 ,216 ,222 ,240 ,228 ,340 ,213 ,269 ,324 ,219 ,231 ,268 ,324 ,226 ,281 ,315 ,350 ,380 ,353 ,332 ,350 ,391 ,338 ,335 ,256 ,343 ,285 ,228 ,246 ,302 ,208 ,256 ,235 ,293 ,257 ,275 ,291 ,261 ,302 ,246
Yellow-crowned Night-Heron ,0 ,0 ,0 ,1 ,0 ,2 ,0 ,0 ,0 ,0 ,0 ,0 ,0 ,0 ,0 ,5 ,0 ,0 ,0 ,0 ,0 ,1 ,0 ,0 ,0 ,0 ,2 ,1 ,0 ,2 ,0 ,0 ,1 ,2 ,1 ,0 ,0 ,0 ,0 ,2 ,0 ,2 ,0 ,0 ,0 ,0 ,0 ,0 ,0 ,0
Yellow-throated Vireo ,50 ,57 ,44 ,43 ,65 ,47 ,28 ,55 ,68 ,38 ,18 ,40 ,78 ,55 ,52 ,71 ,54 ,54 ,71 ,52 ,52 ,64 ,74 ,71 ,66 ,77 ,101 ,127 ,100 ,97 ,86 ,102 ,108 ,76 ,72 ,89 ,100 ,69 ,84 ,120 ,66 ,111 ,92 ,108 ,105 ,104 ,115 ,110 ,137 ,138
Yellow-throated Warbler ,6 ,10 ,1 ,10 ,7 ,8 ,7 ,5 ,6 ,6 ,10 ,9 ,5 ,13 ,10 ,10 ,3 ,7 ,14 ,7 ,3 ,9 ,4 ,2 ,16 ,8 ,28 ,23 ,14 ,14 ,15 ,35 ,30 ,13 ,20 ,21 ,33 ,26 ,30 ,27 ,45 ,31 ,26 ,43 ,45 ,55 ,51 ,53 ,49 ,60
Total Species ,117 ,121 ,118 ,130 ,121 ,113 ,115 ,123 ,122 ,120 ,123 ,125 ,124 ,126 ,122 ,132 ,137 ,137 ,132 ,127 ,129 ,126 ,130 ,123 ,130 ,129 ,151 ,151 ,140 ,155 ,159 ,152 ,149 ,153 ,155 ,151 ,147 ,154 ,146 ,155 ,154 ,154 ,142 ,153 ,140 ,145 ,143 ,148 ,144 ,149
Total individuals ,19085 ,19989 ,20872 ,20267 ,22437 ,21497 ,13084 ,19943 ,20444 ,22665 ,23991 ,28505 ,30036 ,28296 ,23629 ,31424 ,33696 ,30982 ,27206 ,29893 ,26680 ,28443 ,36013 ,27343 ,30858 ,29917 ,37963 ,40627 ,38952 ,42749 ,42224 ,40898 ,38656 ,41121 ,39864 ,38906 ,38883 ,30968 ,34426 ,38983 ,34324 ,36843 ,30193 ,36052 ,30674 ,32836 ,34994 ,33052 ,32706 ,32820 
